26450	257.18	0.0097	BEGIN READ ONLY
13225	356.97	0.0270	select u1_0.id,u1_0.classroom_id,u1_0.created_at,u1_0.deleted_at,u1_0.department_id,u1_0.primary_email,u1_0.is_deleted,u1_0.name,u1_0.phone_number,u1_0.profile_image_url,u1_0.resident_registration_number_prefix,u1_0.role,u1_0.teacher_end_at,u1_0.teacher_start_at,u1_0.updated_at from users u1_0 where u1_0.id=$1
13225	686.52	0.0519	select uc1_0.id,uc1_0.created_at,uc1_0.credential_email,uc1_0.email_verification_failed_attempts,uc1_0.email_verification_requested_at,uc1_0.email_verification_token_expires_at,uc1_0.email_verification_token_hash,uc1_0.email_verified,uc1_0.last_login_at,uc1_0.password_hash,uc1_0.password_reset_failed_attempts,uc1_0.password_reset_requested_at,uc1_0.password_reset_token_expires_at,uc1_0.password_reset_token_hash,uc1_0.provider,uc1_0.provider_user_id,uc1_0.updated_at,uc1_0.user_id from user_credentials uc1_0 join users u1_0 on u1_0.id=uc1_0.user_id where u1_0.id=$1 and uc1_0.provider=$2
13225	249.20	0.0188	select p1_0.user_id,p1_0.id,p1_0.created_at,p1_0.permission_code,p1_0.updated_at from user_permissions p1_0 where p1_0.user_id=$1
13225	282.88	0.0214	select d1_0.id,d1_0.created_at,d1_0.description,d1_0.name,d1_0.updated_at from departments d1_0
8858	374.57	0.0423	select dp1_0.id,dp1_0.created_at,dp1_0.department_id,dp1_0.permission_code,dp1_0.role_type,dp1_0.updated_at from department_permissions dp1_0 join departments d1_0 on d1_0.id=dp1_0.department_id where d1_0.id=$1 and dp1_0.role_type in ($2)
1262	81.37	0.0645	select dp1_0.id,dp1_0.created_at,dp1_0.department_id,dp1_0.permission_code,dp1_0.role_type,dp1_0.updated_at from department_permissions dp1_0 join departments d1_0 on d1_0.id=dp1_0.department_id where d1_0.id=$1 and dp1_0.role_type in ($2,$3)
4	0.00	0.0011	BEGIN
2	0.01	0.0063	update absence_requests ar1_0 set status=$3,version=(ar1_0.version+$4),updated_at=$1 where ar1_0.status=$5 and ar1_0.expires_at<=$2
2	0.01	0.0063	update lesson_exchange_proposals lep1_0 set status=$4,closed_at=$1,updated_at=$2 where lep1_0.status=$5 and lep1_0.request_id in (select ler1_0.id from lesson_exchange_requests ler1_0 where ler1_0.status in ($6,$7) and ler1_0.expires_at<=$3)
2	0.01	0.0068	update lesson_exchange_requests ler1_0 set status=$3,version=(ler1_0.version+$4),updated_at=$1 where ler1_0.status in ($5,$6) and ler1_0.expires_at<=$2
1	0.29	0.2914	select pg_stat_statements_reset()
