9662	899.18	0.0931	select dp1_0.id,dp1_0.created_at,dp1_0.department_id,dp1_0.permission_code,dp1_0.role_type,dp1_0.updated_at from department_permissions dp1_0 join departments d1_0 on d1_0.id=dp1_0.department_id where d1_0.id=$1 and dp1_0.role_type in ($2)
9662	126.62	0.0131	select p1_0.user_id,p1_0.id,p1_0.created_at,p1_0.permission_code,p1_0.updated_at from user_permissions p1_0 where p1_0.user_id=$1
9662	151.61	0.0157	BEGIN READ ONLY
4831	119.56	0.0247	select u1_0.id,u1_0.classroom_id,u1_0.created_at,u1_0.deleted_at,u1_0.department_id,u1_0.primary_email,u1_0.is_deleted,u1_0.name,u1_0.phone_number,u1_0.profile_image_url,u1_0.resident_registration_number_prefix,u1_0.role,u1_0.teacher_end_at,u1_0.teacher_start_at,u1_0.updated_at from users u1_0 where u1_0.id=$1
4831	290.58	0.0601	select uc1_0.id,uc1_0.created_at,uc1_0.credential_email,uc1_0.email_verification_failed_attempts,uc1_0.email_verification_requested_at,uc1_0.email_verification_token_expires_at,uc1_0.email_verification_token_hash,uc1_0.email_verified,uc1_0.last_login_at,uc1_0.password_hash,uc1_0.password_reset_failed_attempts,uc1_0.password_reset_requested_at,uc1_0.password_reset_token_expires_at,uc1_0.password_reset_token_hash,uc1_0.provider,uc1_0.provider_user_id,uc1_0.updated_at,uc1_0.user_id from user_credentials uc1_0 join users u1_0 on u1_0.id=uc1_0.user_id where u1_0.id=$1 and uc1_0.provider=$2
4831	100.32	0.0208	select s1_0.id,s1_0.class_id,c1_0.id,c1_0.created_at,c1_0.description,c1_0.is_deleted,c1_0.name,c1_0.type,c1_0.updated_at,s1_0.created_at,s1_0.day_of_week,s1_0.description,s1_0.end_at,s1_0.end_time,s1_0.is_active,s1_0.name,s1_0.period,s1_0.start_at,s1_0.start_time,t2_0.id,t2_0.classroom_id,t2_0.created_at,t2_0.deleted_at,t2_0.department_id,t2_0.primary_email,t2_0.is_deleted,t2_0.name,t2_0.phone_number,t2_0.profile_image_url,t2_0.resident_registration_number_prefix,t2_0.role,t2_0.teacher_end_at,t2_0.teacher_start_at,t2_0.updated_at,s1_0.teacher_assigned_at,s1_0.updated_at from subjects s1_0 left join users t1_0 on t1_0.id=s1_0.teacher_id join classrooms c1_0 on c1_0.id=s1_0.class_id left join users t2_0 on t2_0.id=s1_0.teacher_id where t1_0.id=$1 and s1_0.is_active order by s1_0.start_at,s1_0.id
4831	175.23	0.0363	select u1_0.id,u1_0.classroom_id,u1_0.created_at,u1_0.deleted_at,u1_0.department_id,u1_0.primary_email,u1_0.is_deleted,u1_0.name,u1_0.phone_number,u1_0.profile_image_url,u1_0.resident_registration_number_prefix,u1_0.role,u1_0.teacher_end_at,u1_0.teacher_start_at,u1_0.updated_at from users u1_0 where u1_0.id=$1 and not(u1_0.is_deleted)
4831	94.72	0.0196	select d1_0.id,d1_0.created_at,d1_0.description,d1_0.name,d1_0.updated_at from departments d1_0 where d1_0.id=$1
2	0.00	0.0012	BEGIN
1	0.01	0.0066	update absence_requests ar1_0 set status='EXPIRED',version=(ar1_0.version+1),updated_at=$1 where ar1_0.status='PENDING' and ar1_0.expires_at<=$2
1	0.21	0.2122	select pg_stat_statements_reset()
1	0.01	0.0069	update lesson_exchange_proposals lep1_0 set status='CLOSED',closed_at=$1,updated_at=$2 where lep1_0.status='ACTIVE' and lep1_0.request_id in (select ler1_0.id from lesson_exchange_requests ler1_0 where ler1_0.status in ('PENDING','APPROVED') and ler1_0.expires_at<=$3)
1	0.01	0.0053	update lesson_exchange_requests ler1_0 set status='EXPIRED',version=(ler1_0.version+1),updated_at=$1 where ler1_0.status in ('PENDING','APPROVED') and ler1_0.expires_at<=$2
