-- Initial data for development and testing

-- 1. Departments
INSERT INTO departments (id, name, description) VALUES
    (1, '교무기획부', '기관의 교육 운영 계획 수립, 교무 일정 조정, 학사 운영 정책 기획을 담당하는 부서'),
    (2, '교육연구부', '교육 프로그램 연구, 수업 품질 개선, 커리큘럼 개발과 자료 분석을 담당하는 부서'),
    (3, '생활안전부', '학생 생활지도, 안전 관리, 생활 지원 체계 운영을 담당하는 부서'),
    (4, '총무부', '기관의 행정 운영, 문서 관리, 내부 지원과 총무 업무를 담당하는 부서'),
    (5, '홍보부', '기관 홍보, 대외 소통, 행사 안내와 홍보 콘텐츠 운영을 담당하는 부서'),
    (6, '편집부', '소식지, 게시글, 각종 문서와 콘텐츠의 편집 및 제작을 담당하는 부서');
ALTER SEQUENCE departments_id_seq RESTART WITH 7;

-- 2. Classrooms (moved before users to satisfy FK constraint)
INSERT INTO classrooms (id, name, type, description)
VALUES
    (1, '벚꽃반', 'WEEKDAY', '평일 기초 학습반'),
    (2, '개나리반', 'WEEKDAY', '평일 초급 학습반'),
    (3, '민들레반', 'WEEKDAY', '평일 기초 심화반'),
    (4, '동백반', 'WEEKDAY', '평일 보충 학습반'),
    (5, '해바라기반', 'WEEKDAY', '평일 활동 중심 학습반'),
    (6, '국화반', 'WEEKDAY', '평일 맞춤 학습반'),
    (7, '주말 영어반', 'WEEKEND', '주말 영어 학습반'),
    (8, '주말 스마트폰반', 'WEEKEND', '주말 스마트폰 활용반'),
    (9, '겨울반', 'WEEKDAY', '계절 특강 운영반');
ALTER SEQUENCE classrooms_id_seq RESTART WITH 10;

-- 3. Users
-- admin1234 / admin1234
INSERT INTO users (id, name, primary_email, role, department_id, classroom_id, resident_registration_number_prefix, teacher_start_at, teacher_end_at) VALUES
    (1, '관리자', 'admin@test.com', 'ADMIN', 4, NULL, NULL, NULL, NULL);

-- teacher01 / teacher01
INSERT INTO users (id, name, primary_email, role, department_id, classroom_id, resident_registration_number_prefix, teacher_start_at, teacher_end_at) VALUES
    (2, '홍길동', 'teacher01@test.com', 'VOLUNTEER', 2, 1, '800101', '2026-02-01', NULL);

-- teacher02 / teacher02
INSERT INTO users (id, name, primary_email, role, department_id, classroom_id, resident_registration_number_prefix, teacher_start_at, teacher_end_at) VALUES
    (3, '김철수', 'teacher02@test.com', 'VOLUNTEER', 2, 8, '850505', '2026-02-01', NULL);

-- guest01 / guest01
INSERT INTO users (id, name, primary_email, role, department_id, classroom_id, resident_registration_number_prefix, teacher_start_at, teacher_end_at) VALUES
    (4, '이영희', 'guest01@test.com', 'GUEST', NULL, NULL, NULL, NULL, NULL);

-- applicant01 / teacher01
INSERT INTO users (id, name, primary_email, role, department_id, classroom_id, resident_registration_number_prefix, teacher_start_at, teacher_end_at) VALUES
    (5, '박지원', 'applicant01@test.com', 'GUEST', NULL, NULL, NULL, NULL, NULL);

-- approved-teacher01 / teacher01
INSERT INTO users (id, name, primary_email, role, department_id, classroom_id, resident_registration_number_prefix, teacher_start_at, teacher_end_at) VALUES
    (6, '최승인', 'approved-teacher01@test.com', 'VOLUNTEER', 2, 2, '910303', '2026-09-01', '2026-12-31');

-- rejected-applicant01 / teacher01
INSERT INTO users (id, name, primary_email, role, department_id, classroom_id, resident_registration_number_prefix, teacher_start_at, teacher_end_at) VALUES
    (7, '정반려', 'rejected-applicant01@test.com', 'GUEST', NULL, NULL, NULL, NULL, NULL);

-- direct-assign-edge01 / teacher01
INSERT INTO users (id, name, primary_email, role, department_id, classroom_id, resident_registration_number_prefix, teacher_start_at, teacher_end_at) VALUES
    (8, '오정재', 'direct-assign-edge01@test.com', 'VOLUNTEER', 2, 6, '930707', NULL, NULL);

-- cancelled-applicant01 / teacher01
INSERT INTO users (id, name, primary_email, role, department_id, classroom_id, resident_registration_number_prefix, teacher_start_at, teacher_end_at) VALUES
    (9, '한취소', 'cancelled-applicant01@test.com', 'GUEST', NULL, NULL, NULL, NULL, NULL);

INSERT INTO users (id, name, primary_email, role, department_id, classroom_id, resident_registration_number_prefix, teacher_start_at, teacher_end_at) VALUES
    (10, 'Apps Script Bot', 'geumjeongyahak-apps-script-bot@gmail.com', 'VOLUNTEER', NULL, NULL, NULL, NULL, NULL);

INSERT INTO users (id, name, primary_email, role, department_id, classroom_id, resident_registration_number_prefix, teacher_start_at, teacher_end_at) VALUES
    (11, '노제훈', 'seed-teacher01@test.com', 'VOLUNTEER', 2, 3, '900201', '2026-07-01', NULL),
    (12, '김단아', 'seed-teacher02@test.com', 'VOLUNTEER', 2, 4, '920315', '2026-07-01', NULL),
    (13, '박진우', 'seed-teacher03@test.com', 'VOLUNTEER', 2, 5, '880917', '2026-07-01', NULL),
    (14, '김수연', 'seed-teacher04@test.com', 'VOLUNTEER', 2, 7, '940422', '2026-07-01', NULL),
    (15, '손혜주', 'seed-teacher05@test.com', 'VOLUNTEER', 2, 9, '960811', '2026-07-01', NULL);

ALTER SEQUENCE users_id_seq RESTART WITH 16;

-- 3. User Credentials
INSERT INTO user_credentials (id, user_id, provider, credential_email, password_hash, email_verified) VALUES
    (1, 1, 'LOCAL', 'admin@test.com', '$2a$10$A0Av/dPBUz5uoDmp0Z/2S.dsMzOWFL5gLK7CrXmQp6Rw2vqWulapi', TRUE),
    (2, 2, 'LOCAL', 'teacher01@test.com', '$2a$12$nsaiXXxEBMV9vNwh23WInekm2WisaINtbtLsP1JXlgHnt9eDqnaRu', TRUE),
    (3, 3, 'LOCAL', 'teacher02@test.com', '$2a$12$jNEpPdWPB8WX6kOR/t9cru3Lz7WwZRw3KHfgoRJBg0ddWUFnymr/O', TRUE),
    (4, 4, 'LOCAL', 'guest01@test.com', '$2a$12$nsaiXXxEBMV9vNwh23WInekm2WisaINtbtLsP1JXlgHnt9eDqnaRu', TRUE),
    (5, 5, 'LOCAL', 'applicant01@test.com', '$2a$12$nsaiXXxEBMV9vNwh23WInekm2WisaINtbtLsP1JXlgHnt9eDqnaRu', TRUE),
    (6, 6, 'LOCAL', 'approved-teacher01@test.com', '$2a$12$nsaiXXxEBMV9vNwh23WInekm2WisaINtbtLsP1JXlgHnt9eDqnaRu', TRUE),
    (7, 7, 'LOCAL', 'rejected-applicant01@test.com', '$2a$12$nsaiXXxEBMV9vNwh23WInekm2WisaINtbtLsP1JXlgHnt9eDqnaRu', TRUE),
    (8, 8, 'LOCAL', 'direct-assign-edge01@test.com', '$2a$12$nsaiXXxEBMV9vNwh23WInekm2WisaINtbtLsP1JXlgHnt9eDqnaRu', TRUE),
    (9, 9, 'LOCAL', 'cancelled-applicant01@test.com', '$2a$12$nsaiXXxEBMV9vNwh23WInekm2WisaINtbtLsP1JXlgHnt9eDqnaRu', TRUE),
    (10, 10, 'LOCAL', 'geumjeongyahak-apps-script-bot@gmail.com', '$2a$10$6w/cCD2l06.TF3GK7FuCv.uMBX7gqIvgMdwkuSe3D3F6WYbgctibW', TRUE),
    (11, 11, 'LOCAL', 'seed-teacher01@test.com', '$2a$12$nsaiXXxEBMV9vNwh23WInekm2WisaINtbtLsP1JXlgHnt9eDqnaRu', TRUE),
    (12, 12, 'LOCAL', 'seed-teacher02@test.com', '$2a$12$nsaiXXxEBMV9vNwh23WInekm2WisaINtbtLsP1JXlgHnt9eDqnaRu', TRUE),
    (13, 13, 'LOCAL', 'seed-teacher03@test.com', '$2a$12$nsaiXXxEBMV9vNwh23WInekm2WisaINtbtLsP1JXlgHnt9eDqnaRu', TRUE),
    (14, 14, 'LOCAL', 'seed-teacher04@test.com', '$2a$12$nsaiXXxEBMV9vNwh23WInekm2WisaINtbtLsP1JXlgHnt9eDqnaRu', TRUE),
    (15, 15, 'LOCAL', 'seed-teacher05@test.com', '$2a$12$nsaiXXxEBMV9vNwh23WInekm2WisaINtbtLsP1JXlgHnt9eDqnaRu', TRUE);

ALTER SEQUENCE user_credentials_id_seq RESTART WITH 16;

-- 4. User Permissions
INSERT INTO user_permissions (user_id, permission_code) VALUES
    (2, 'lesson:write:*'),
    (6, 'channel:write:6'),
    (10, 'daily-schedule:manage:*'),
    (10, 'user:read:*'),
    (10, 'purchase-request:read:*'),
    (10, 'purchase-request:manage:*'),
    (10, 'vendor:read:*');

-- 5. Department Permissions
INSERT INTO department_permissions (department_id, role_type, permission_code) VALUES
    (1, 'MEMBER', 'subject:read:*'),
    (1, 'MEMBER', 'lesson:read:*'),
    (1, 'MEMBER', 'channel:write:14'),
    (1, 'MANAGER', 'subject:write:*'),
    (1, 'MANAGER', 'subject:manage:*'),
    (1, 'MANAGER', 'lesson:write:*'),
    (1, 'MANAGER', 'lesson:manage:*'),
    (1, 'MANAGER', 'event:manage:*'),
    (1, 'MANAGER', 'lesson-exchange-request:manage:*'),
    (1, 'MANAGER', 'channel:manage:14'),

    (2, 'MEMBER', 'teacher-application:read:*'),
    (2, 'MEMBER', 'daily-schedule:read:*'),
    (2, 'MEMBER', 'absence-request:read:*'),
    (2, 'MEMBER', 'channel:write:15'),
    (2, 'MANAGER', 'student:write:*'),
    (2, 'MANAGER', 'student:manage:*'),
    (2, 'MANAGER', 'teacher-application:manage:*'),
    (2, 'MANAGER', 'daily-schedule:manage:*'),
    (2, 'MANAGER', 'absence-request:manage:*'),
    (2, 'MANAGER', 'channel:manage:15'),

    (3, 'MEMBER', 'purchase-request:read:*'),
    (3, 'MEMBER', 'channel:write:16'),
    (3, 'MANAGER', 'purchase-request:review:*'),
    (3, 'MANAGER', 'channel:manage:16'),

    (4, 'MEMBER', 'purchase-request:read:*'),
    (4, 'MEMBER', 'vendor:read:*'),
    (4, 'MEMBER', 'channel:write:17'),
    (4, 'MANAGER', 'purchase-request:review:*'),
    (4, 'MANAGER', 'purchase-request:manage:*'),
    (4, 'MANAGER', 'vendor:manage:*'),
    (4, 'MANAGER', 'channel:manage:17'),

    (5, 'MEMBER', 'teacher-application:read:*'),
    (5, 'MEMBER', 'channel:write:18'),
    (5, 'MANAGER', 'channel:manage:18');

-- 6-1. Site Contents
INSERT INTO site_contents (id, content_type, ref_id, title, name, content_group, sort_order)
VALUES
    (1, 'PRINCIPAL', NULL, '교장', '정해웅', NULL, 1),
    (2, 'DEPARTMENT', 1, '교무기획부', NULL, NULL, 2),
    (3, 'DEPARTMENT', 2, '교육연구부', NULL, NULL, 3),
    (4, 'DEPARTMENT', 3, '생활안전부', NULL, NULL, 4),
    (5, 'DEPARTMENT', 4, '총무부', NULL, NULL, 5),
    (6, 'DEPARTMENT', 5, '홍보부', NULL, NULL, 6),
    (7, 'DEPARTMENT', 6, '편집부', NULL, NULL, 7),
    (8, 'CLASSROOM', 1, '벚꽃반', NULL, 'WEEKDAY', 1),
    (9, 'CLASSROOM', 2, '개나리반', NULL, 'WEEKDAY', 2),
    (10, 'CLASSROOM', 3, '민들레반', NULL, 'WEEKDAY', 3),
    (11, 'CLASSROOM', 4, '동백반', NULL, 'WEEKDAY', 4),
    (12, 'CLASSROOM', 5, '해바라기반', NULL, 'WEEKDAY', 5),
    (13, 'CLASSROOM', 6, '국화반', NULL, 'WEEKDAY', 6),
    (14, 'CLASSROOM', 7, '주말 영어반', NULL, 'WEEKEND_MORNING', 1),
    (15, 'CLASSROOM', 8, '주말 스마트폰반', NULL, 'WEEKEND_AFTERNOON', 1),
    (16, 'CLASSROOM', 9, '겨울반', NULL, 'WEEKDAY', 7);
ALTER SEQUENCE site_contents_id_seq RESTART WITH 17;

INSERT INTO site_content_items (id, site_content_id, content, sort_order)
VALUES
    (1, 1, '금정열린배움터의 전반적인 운영을 총괄', 1),
    (2, 1, '학생, 교사, 운영진이 함께 배우는 야학 문화를 지키는 역할', 2),
    (3, 2, '학기 시간표 편성 및 분반별 수업 운영 점검', 1),
    (4, 2, '교사 배정, 보강 일정, 학사 공지 조율', 2),
    (5, 3, '신입 교원 면접과 참관 수업 운영', 1),
    (6, 3, '수업 일지, 생일, 연구 수업, 교육 자료 관리', 2),
    (7, 3, '교사 교육과 수업 품질 개선 논의 진행', 3),
    (8, 4, '학생 생활 상담, 출결 확인, 안전 귀가 안내', 1),
    (9, 4, '분반별 생활 이슈 공유 및 지원 연계', 2),
    (10, 5, '기관 행정, 회계 보조, 비품과 시설 사용 관리', 1),
    (11, 5, '구매 요청, 회의 준비, 문서 보관 지원', 2),
    (12, 6, '기관 소식, 행사 안내, 대외 홍보 콘텐츠 운영', 1),
    (13, 6, '사진 기록과 카드뉴스, SNS 게시물 제작', 2),
    (14, 7, '소식지, 회의록, 각종 안내문 편집 및 발행', 1),
    (15, 7, '학생 글, 수업 후기, 행사 기록 정리', 2),
    (16, 8, '평일 저녁 문해 기초와 생활 한글을 차근차근 배우는 반', 1),
    (17, 8, '수요일 19:20~21:40 중심으로 운영되는 기초 학습반', 2),
    (18, 9, '생활 수학과 문해 복습을 병행하는 평일 초급 반', 1),
    (19, 9, '수요일 저녁과 금요일 보강 시간표를 함께 확인하는 반', 2),
    (20, 10, '민들레반은 문해와 스마트폰 기초 활용을 연결해 배우는 반', 1),
    (21, 10, '주말 수업과 연계해 반복 학습을 진행', 2),
    (22, 11, '동백반은 평일 보충 수업과 개별 학습 피드백 중심으로 운영', 1),
    (23, 12, '해바라기반은 활동형 읽기, 말하기, 쓰기 수업을 운영', 1),
    (24, 13, '국화반은 신규 교원 배정 후보가 있는 목요일 저녁 시간표 반', 1),
    (25, 13, '교원 신청과 관리자 배정 화면 테스트에 활용 가능', 2),
    (26, 14, '주말 오전 영어 기초, 생활 표현, 읽기 연습 중심 반', 1),
    (27, 15, '주말 오후 스마트폰 활용, 사진 보내기, 앱 사용법을 배우는 반', 1),
    (28, 16, '겨울반은 방학 기간 보충 학습과 계절 특강을 운영하는 반', 1);
ALTER SEQUENCE site_content_items_id_seq RESTART WITH 29;

INSERT INTO site_histories (id, title, detail, history_date, sort_order)
VALUES
    (1, '1994년 5월 2일', '부산 성화야학에서 분리해 금정열린배움터 개교', DATE '1994-05-02', 1),
    (2, '1996년 4월', 'PSB, 현 KNN 방송국 취재 및 방송', DATE '1996-04-01', 2),
    (3, '2009년 9월 21일', '채널PNU 기사 나를 돌아보게 한 잡채와 편지 소개', DATE '2009-09-21', 3),
    (4, '2014년 6월 9일', '채널PNU 조정환 교장 인터뷰 20년이 흘러도 변하지 않은 것 보도', DATE '2014-06-09', 4),
    (5, '2017년 3월', '학생 1명과 교사 1명이 부산문화재단 불쏘시개에서 일반인 대상 강연', DATE '2017-03-01', 5),
    (6, '2017년 12월', '금정구자원봉사센터 우수수요처 감사패 수상', DATE '2017-12-01', 6),
    (7, '2018년 5월 11일', '051초대석 18회에 김수연 선생님과 이재빈 선생님 출연', DATE '2018-05-11', 7),
    (8, '2018년 9월 21일', '예소디자인을 통해 금정열린배움터 공식 로고 제작', DATE '2018-09-21', 8),
    (9, '2018년 9월 23일', '전국 방영 성인문해 KBS 골든벨에 두 명 출전, 전국 2위 배출', DATE '2018-09-23', 9),
    (10, '2019년', '부산광역시 성인문해교육 시화전 하루하루 장려상 김영자 수상', DATE '2019-01-01', 10),
    (11, '2020년', '전국 성인문해교육 시화전 어머니와 코로나19 우수상 정숙자 수상', DATE '2020-01-01', 11),
    (12, '2021년 10월 10일', '공오일에프엠뉴스 201회 깜짝초대석에 이영주 선생님과 김현 선생님 출연', DATE '2021-10-10', 12),
    (13, '2022년 8월 23일', 'MBC 라디오 배움에 나이가 있나요 편에 정해웅 교장 출연', DATE '2022-08-23', 13),
    (14, '2022년 10월 13일', 'KBS 생생투데이 배움엔 나이가 없다 편 방송', DATE '2022-10-13', 14),
    (15, '2022년 10월 17일', '금정열린배움터 출신 학생 손정화 시집 엄마의 꽁당보리밥 출간', DATE '2022-10-17', 15),
    (16, '2022년 11월 10일', '채널PNU 영상뉴스 부산대생 15명, 야학에서 교육 봉사 진행 보도', DATE '2022-11-10', 16),
    (17, '2022년 12월', '금정구청 평생학습활성화 평생학습도시조성 표창 수상', DATE '2022-12-01', 17),
    (18, '2023년', '전국 성인문해교육 시화전 공부 장려상 김금자 수상', DATE '2023-01-01', 18),
    (19, '2023년 3월 20일', 'KBS 대담한 K 배움 전하는 야학 금정열린배움터 편에 정해웅 교장 출연', DATE '2023-03-20', 19),
    (20, '2023년 12월 7일', '부산대 사회공헌 포럼에서 정해웅 교장 금정열린배움터 소개 강연', DATE '2023-12-07', 20),
    (21, '2023년 12월 18일', '금정열린배움터 교가 정성을 다하여 완성', DATE '2023-12-18', 21),
    (22, '2024년 2월 19일', 'KTV 국민방송 국민리포트 열린배움터, 나이 잊고 배움의 문 열다 소개', DATE '2024-02-19', 22),
    (23, '2024년 2월 26일', '부산시청자미디어센터 TBN 시민리포트 소개', DATE '2024-02-26', 23),
    (24, '2024년 5월 30일', 'KBS 라디오 시사포커스 부산에 정해웅 교장 출연', DATE '2024-05-30', 24),
    (25, '2025년 1월 10일', '금정열린배움터 교가 빠른 버전 및 MR 편곡', DATE '2025-01-10', 25),
    (26, '2025년 8월 22일', '대동대학교와 산학협력 협약 체결', DATE '2025-08-22', 26),
    (27, '2025년 8월 25일', '야학 어플 개발팀 손길모아 창의융합 SW 해커톤 대상 수상', DATE '2025-08-25', 27),
    (28, '2025년', '제12회 부산광역시 성인문해교육 시화전 엽서1 배움의 즐거움 장려상 심광자 수상', DATE '2025-01-01', 28),
    (29, '2017년', '부산광역시 성인문해교육 시화전 시작한지 1년 부산인재평생교육진흥원장상 이말순 수상', DATE '2017-01-01', 29),
    (30, '2017년', '부산광역시 성인문해교육 시화전 할머니 부산지역 우수 손말이, 손정화 수상', DATE '2017-01-02', 30),
    (31, '2018년', '부산광역시 성인문해교육 시화전 꽃에게 부산인재평생교육진흥원장상 최정자 수상', DATE '2018-01-01', 31),
    (32, '2018년', '부산광역시 성인문해교육 시화전 나의 꿈 부산지역 우수작 손말이, 손정화 수상', DATE '2018-01-02', 32),
    (33, '2019년', '부산광역시 성인문해교육 시화전 밥상 우수작 정숙자 선정', DATE '2019-01-02', 33),
    (34, '2020년', '부산광역시 성인문해교육 시화전 6월 16일 저녁 입선 손정조 수상', DATE '2020-01-02', 34),
    (35, '2023년', '문해교육 공로 하수정 선생님 부산여성가족과 평생교육진흥원장상 수상', DATE '2023-01-02', 35);
ALTER SEQUENCE site_histories_id_seq RESTART WITH 36;

INSERT INTO site_history_links (id, history_id, label, href, sort_order)
VALUES
    (1, 3, '채널PNU 기사', 'https://channelpnu.pusan.ac.kr/news/articleView.html?idxno=280', 1),
    (2, 4, '채널PNU 인터뷰', 'https://channelpnu.pusan.ac.kr/news/articleView.html?idxno=3783', 1),
    (3, 7, '051초대석 18회 영상', 'https://youtu.be/Tz6n4QLEE6U?si=RpmvvntKg3lFPB05', 1),
    (4, 9, 'KBS 골든벨 영상', 'https://youtu.be/BWVaXn94S4w?si=Y_uiAmgpzH4uPzk9', 1),
    (5, 11, '전국 성인문해교육 시화전 확인 페이지', 'https://le.or.kr/contentView.do?menuId=20', 1),
    (6, 12, '공오일에프엠뉴스 201회 영상', 'https://youtu.be/unRgnMYVVF4?si=sehQW08DTk9Fw88k', 1),
    (7, 13, 'MBC 라디오 영상', 'https://youtu.be/hD-9oa7GOEQ', 1),
    (8, 14, 'KBS 생생투데이 영상', 'https://youtu.be/lQHiJIxMu0w?si=coz8Xupkd_L6JQT-', 1),
    (9, 15, '네이버 도서', 'https://naver.me/GIGG7S7w', 1),
    (10, 16, '채널PNU 영상뉴스', 'https://channelpnu.pusan.ac.kr/news/articleView.html?idxno=32111', 1),
    (11, 19, 'KBS 대담한 K 영상', 'https://youtu.be/RuieGL1Wb8Q?si=eXBKCVkdip4e5XSR', 1),
    (12, 20, 'PNU 사회공헌 포럼 기사', 'https://naver.me/FSSSKDf5', 1),
    (13, 20, 'PNU 사회공헌 포럼 안내', 'https://m.blog.naver.com/projectbee/223278204575', 2),
    (14, 21, '교가 음원 및 가사', 'https://cafe.naver.com/openlearn/1230?tc=shared_link', 1),
    (15, 22, 'KTV 국민방송 국민리포트', 'http://m.ktv.go.kr/program/again/view?content_id=695739', 1),
    (16, 23, 'TBN 시민리포트 영상', 'https://youtu.be/gzsrsKhcE90?si=2A2fPeel-rw03opg', 1),
    (17, 24, 'KBS 라디오 시사포커스 부산', 'https://www.youtube.com/live/nLXbfCqBBjg?si=HykBA21Gqb3w_s-T', 1),
    (18, 25, '교가 빠른 버전 및 MR', 'https://cafe.naver.com/openlearn/1568?tc=shared_link', 1),
    (19, 26, '대동대학교 행사 안내', 'https://www.daedong.ac.kr/www/CMS/Board/Board.do?mCode=MN084&mode=view&board_seq=104239', 1),
    (20, 26, '대동대 봉사활동 블로그', 'https://blog.naver.com/oil_bean/223994357154', 2);
ALTER SEQUENCE site_history_links_id_seq RESTART WITH 21;

INSERT INTO site_history_photos (id, history_id, src, alt, sort_order)
VALUES
    (1, 3, 'https://channelpnu.pusan.ac.kr/news/photo/200909/280_86_3513.jpg', '2009년 채널PNU 금정열린배움터 기사 이미지', 1),
    (2, 4, 'https://channelpnu.pusan.ac.kr/news/photo/201406/3783_2012_355.JPG', '2014년 채널PNU 조정환 교장 인터뷰 이미지', 1),
    (3, 7, 'https://i.ytimg.com/vi/Tz6n4QLEE6U/hqdefault.jpg', '051초대석 18회 영상 썸네일', 1),
    (4, 9, 'https://i.ytimg.com/vi/BWVaXn94S4w/hqdefault.jpg', 'KBS 골든벨 영상 썸네일', 1),
    (5, 12, 'https://i.ytimg.com/vi/unRgnMYVVF4/hqdefault.jpg', '공오일에프엠뉴스 201회 영상 썸네일', 1),
    (6, 14, 'https://i.ytimg.com/vi/lQHiJIxMu0w/hqdefault.jpg', 'KBS 생생투데이 영상 썸네일', 1),
    (7, 16, 'https://channelpnu.pusan.ac.kr/news/photo/202211/32111_12630_2037.jpg', '2022년 채널PNU 영상뉴스 이미지', 1),
    (8, 20, 'https://imgnews.pstatic.net/image/056/2023/12/07/0011617980_001_20231207220656117.jpg?type=w800', '2023년 PNU 사회공헌 포럼 보도 이미지', 1),
    (9, 20, 'https://blogthumb.pstatic.net/MjAyMzExMzBfMjE2/MDAxNzAxMzIzMjA2OTk4.9iEuIsj9mUFMJhzKGbqFL7hurwZN8SEaQoOGZPzKTpMg.3nZuO_vONXIEHH0jCYDXmI8A59r6bWJIIgxMxmH_Ryog.JPEG.projectbee/%25BA%25D9%25C0%25D32_%25B5%25FB%25B6%25E6%25C7%25D1_%25B0%25F8%25B5%25BF%25C3%25BC%25B8%25A6_%25C0%25A7%25C7%25D1_PNU_%25BB%25E7%25C8%25B8%25B0%25F8%25C7%25E5_%25C6%25F7%25B7%25B3_%25C6%25F7%25BD%25BA%25C5%25CD.jpg?type=w2', '2023년 PNU 사회공헌 포럼 안내 이미지', 2),
    (10, 22, 'https://m.ktv.go.kr/media/contents/image/2024/02/19/brqgQEfzXY.jpg', '2024년 KTV 국민리포트 이미지', 1),
    (11, 24, 'https://i.ytimg.com/vi/nLXbfCqBBjg/maxresdefault.jpg', 'KBS 라디오 시사포커스 부산 영상 썸네일', 1),
    (12, 26, 'https://cafeptthumb-phinf.pstatic.net/MjAyNTA4MjlfMjk4/MDAxNzU2NDY5NzI5OTU5.xcyCS-tH6fcZy0Gh8FjPQ0n0Wzg0p5cKXewQlgs_Aycg.ZkJMtn5gs-XXPuvF0DAHg8PHl1gYTU6F5W4ZzmedyQUg.JPEG/IMG%EF%BC%BF8170.JPG?type=w1600', '2025년 대동대학교 산학협력 관련 이미지', 1);
ALTER SEQUENCE site_history_photos_id_seq RESTART WITH 13;

-- 7. Channels
INSERT INTO channels (id, name, description, channel_type, binding_type, ref_id, access_level, allow_guest_read, is_default, is_active)
VALUES
    (2, '공지사항', '기관 전체 공지사항 채널', 'NOTICE', 'STANDALONE', NULL, 'READ_ONLY', TRUE, TRUE, TRUE),
    (3, '자료실', '교육 자료 및 양식 자료실', 'RESOURCE', 'STANDALONE', NULL, 'READ_ONLY', FALSE, TRUE, TRUE),
    (4, '행사안내', '주요 행사 및 일정 안내', 'EVENT', 'STANDALONE', NULL, 'READ_ONLY', TRUE, TRUE, TRUE),
    (5, '벚꽃반', '벚꽃반 전용 채널', 'CLASSROOM', 'DOMAIN_LINKED', 1, 'READ_WRITE', FALSE, FALSE, TRUE),
    (6, '개나리반', '개나리반 전용 채널', 'CLASSROOM', 'DOMAIN_LINKED', 2, 'READ_WRITE', FALSE, FALSE, TRUE),
    (7, '민들레반', '민들레반 전용 채널', 'CLASSROOM', 'DOMAIN_LINKED', 3, 'READ_WRITE', FALSE, FALSE, TRUE),
    (8, '동백반', '동백반 전용 채널', 'CLASSROOM', 'DOMAIN_LINKED', 4, 'READ_WRITE', FALSE, FALSE, TRUE),
    (9, '해바라기반', '해바라기반 전용 채널', 'CLASSROOM', 'DOMAIN_LINKED', 5, 'READ_WRITE', FALSE, FALSE, TRUE),
    (10, '국화반', '국화반 전용 채널', 'CLASSROOM', 'DOMAIN_LINKED', 6, 'READ_WRITE', FALSE, FALSE, TRUE),
    (11, '주말 영어반', '주말 영어반 전용 채널', 'CLASSROOM', 'DOMAIN_LINKED', 7, 'READ_WRITE', FALSE, FALSE, TRUE),
    (12, '주말 스마트폰반', '주말 스마트폰반 전용 채널', 'CLASSROOM', 'DOMAIN_LINKED', 8, 'READ_WRITE', FALSE, FALSE, TRUE),
    (13, '겨울반', '겨울반 전용 채널', 'CLASSROOM', 'DOMAIN_LINKED', 9, 'READ_WRITE', FALSE, FALSE, TRUE),
    (14, '교무기획부', '교무기획부 전용 채널', 'DEPARTMENT', 'DOMAIN_LINKED', 1, 'READ_WRITE', FALSE, FALSE, TRUE),
    (15, '교육연구부', '교육연구부 전용 채널', 'DEPARTMENT', 'DOMAIN_LINKED', 2, 'READ_WRITE', FALSE, FALSE, TRUE),
    (16, '생활안전부', '생활안전부 전용 채널', 'DEPARTMENT', 'DOMAIN_LINKED', 3, 'READ_WRITE', FALSE, FALSE, TRUE),
    (17, '총무부', '총무부 전용 채널', 'DEPARTMENT', 'DOMAIN_LINKED', 4, 'READ_WRITE', FALSE, FALSE, TRUE),
    (18, '홍보부', '홍보부 전용 채널', 'DEPARTMENT', 'DOMAIN_LINKED', 5, 'READ_WRITE', FALSE, FALSE, TRUE),
    (19, '편집부', '편집부 전용 채널', 'DEPARTMENT', 'DOMAIN_LINKED', 6, 'READ_WRITE', FALSE, FALSE, TRUE),
    (20, '인수인계서', '교원 인수인계서 자료를 공유하는 채널', 'RESOURCE', 'STANDALONE', NULL, 'READ_ONLY', FALSE, FALSE, TRUE),
    (21, '시험 문제 자료', '시험 문제와 평가 자료를 공유하는 채널', 'RESOURCE', 'STANDALONE', NULL, 'READ_ONLY', FALSE, FALSE, TRUE),
    (22, '서류 양식', '운영에 필요한 각종 서류 양식을 공유하는 채널', 'RESOURCE', 'STANDALONE', NULL, 'READ_ONLY', FALSE, FALSE, TRUE),
    (23, '교칙', '교칙 안내문을 게시하는 기본 안내 채널', 'GUIDE', 'STANDALONE', NULL, 'READ_ONLY', TRUE, TRUE, TRUE),
    (24, '교사 신청 안내', '교사 신청 안내문을 게시하는 기본 안내 채널', 'GUIDE', 'STANDALONE', NULL, 'READ_ONLY', TRUE, TRUE, TRUE);
ALTER SEQUENCE channels_id_seq RESTART WITH 25;

-- 7-1. Posts
INSERT INTO posts (
    id, channel_id, author_id, title, content_html, status, is_pinned, allow_comment,
    thumbnail_url, expires_at, view_count, is_deleted, created_at, updated_at
)
VALUES
    (1, 2, 1, '6월 수업 운영 안내',
     '<p>6월 정규 수업은 기존 시간표대로 운영합니다. 분반별 보강 일정은 담당 교사와 교무기획부 공지를 확인해 주세요.</p>',
     'PUBLISHED', TRUE, FALSE, NULL, '2026-06-30 23:59:59', 152, FALSE, '2026-06-01 09:00:00', '2026-06-01 09:00:00'),
    (2, 2, 1, '신입 교원 오리엔테이션 참석 안내',
     '<p>신입 교원 오리엔테이션은 6월 12일 금요일 19시에 진행됩니다. 수업 운영 방식과 출석 기록 방법을 함께 안내합니다.</p>',
     'PUBLISHED', TRUE, FALSE, NULL, '2026-06-12 21:00:00', 128, FALSE, '2026-05-31 18:00:00', '2026-05-31 18:00:00'),
    (3, 2, 1, '교실 정리 및 비품 사용 안내',
     '<p>수업 후 칠판 정리, 책상 배열, 공용 교재 반납을 부탁드립니다. 소모품 부족 시 총무부 구매 요청으로 남겨 주세요.</p>',
     'PUBLISHED', FALSE, FALSE, NULL, NULL, 89, FALSE, '2026-05-30 17:20:00', '2026-05-30 17:20:00'),
    (4, 2, 1, '6월 첫째 주 출석 기록 확인 요청',
     '<p>담당 교사는 수업 종료 후 당일 출석과 수업 일지를 확인해 주세요. 누락된 기록은 교무기획부에서 별도 확인합니다.</p>',
     'PUBLISHED', FALSE, FALSE, NULL, NULL, 74, FALSE, '2026-05-29 13:00:00', '2026-05-29 13:00:00'),
    (5, 2, 1, '주말 스마트폰반 보조 교사 모집',
     '<p>토요일 스마트폰 활용 수업에 함께할 보조 교사를 모집합니다. 가능한 날짜를 교무기획부에 알려 주세요.</p>',
     'PUBLISHED', FALSE, FALSE, NULL, '2026-06-15 23:59:59', 96, FALSE, '2026-05-28 10:30:00', '2026-05-28 10:30:00'),
    (6, 2, 1, '상반기 수업 회고 자료 제출 안내',
     '<p>상반기 수업 회고에 사용할 분반별 의견을 6월 말까지 제출해 주세요. 수업 자료와 학생 반응을 함께 정리합니다.</p>',
     'PUBLISHED', FALSE, FALSE, NULL, NULL, 63, FALSE, '2026-05-27 19:10:00', '2026-05-27 19:10:00'),
    (7, 2, 1, '개인정보 보호와 학생 사진 촬영 안내',
     '<p>학생 사진 촬영과 외부 공유는 사전 동의가 있는 경우에만 가능합니다. 행사 기록도 내부 공유 범위를 먼저 확인해 주세요.</p>',
     'PUBLISHED', FALSE, FALSE, NULL, NULL, 141, FALSE, '2026-05-26 11:00:00', '2026-05-26 11:00:00'),
    (8, 2, 1, '회의실 사용 예약 방법 안내',
     '<p>교학회의, 면담, 수업 준비 모임은 사전에 회의실 사용 시간을 공유해 주세요. 중복 시 운영진이 조정합니다.</p>',
     'PUBLISHED', FALSE, FALSE, NULL, NULL, 58, FALSE, '2026-05-25 16:40:00', '2026-05-25 16:40:00'),
    (9, 2, 1, '학습 자료 업로드 위치 안내',
     '<p>공용 학습 자료는 자료실 채널에 업로드해 주세요. 분반 전용 자료는 각 분반 채널을 사용합니다.</p>',
     'PUBLISHED', FALSE, FALSE, NULL, NULL, 77, FALSE, '2026-05-24 09:50:00', '2026-05-24 09:50:00'),
    (10, 2, 1, '6월 생일 축하 명단 확인',
     '<p>6월 생일 축하 준비를 위해 명단을 확인합니다. 누락된 학생이나 교사가 있으면 교육연구부에 알려 주세요.</p>',
     'PUBLISHED', FALSE, FALSE, NULL, NULL, 51, FALSE, '2026-05-23 15:10:00', '2026-05-23 15:10:00'),
    (11, 2, 1, '우천 시 등하교 안전 안내',
     '<p>비가 많이 오는 날에는 학생 귀가 동선을 함께 확인해 주세요. 우산 비치 위치는 총무부 공지를 참고합니다.</p>',
     'PUBLISHED', FALSE, FALSE, NULL, NULL, 69, FALSE, '2026-05-22 08:30:00', '2026-05-22 08:30:00'),
    (12, 2, 1, '신규 학생 상담 일정 공유',
     '<p>신규 학생 상담은 생활안전부와 교무기획부가 함께 진행합니다. 분반 배정 전 기초 학습 상황을 확인합니다.</p>',
     'PUBLISHED', FALSE, FALSE, NULL, NULL, 83, FALSE, '2026-05-21 12:00:00', '2026-05-21 12:00:00'),
    (13, 4, 1, '신입 교원 오리엔테이션 현장',
     '<p>신입 교원과 운영진이 모여 수업 운영 흐름과 학생 응대 원칙을 함께 확인했습니다.</p>',
     'PUBLISHED', FALSE, FALSE, 'https://picsum.photos/seed/gjlearn-orientation/800/450', NULL, 112, FALSE, '2026-06-02 20:30:00', '2026-06-02 20:30:00'),
    (14, 4, 1, '상반기 수업 회고 모임',
     '<p>분반별 수업 경험을 나누고 하반기 개선 방향을 정리한 회고 모임입니다.</p>',
     'PUBLISHED', FALSE, FALSE, 'https://picsum.photos/seed/gjlearn-review/800/450', NULL, 94, FALSE, '2026-05-29 21:00:00', '2026-05-29 21:00:00'),
    (15, 4, 1, '주말 스마트폰반 실습 수업',
     '<p>사진 보내기, 길 찾기, 메시지 확인을 직접 연습한 주말 스마트폰반 수업 기록입니다.</p>',
     'PUBLISHED', FALSE, FALSE, 'https://picsum.photos/seed/gjlearn-smartphone/800/450', NULL, 87, FALSE, '2026-05-24 12:20:00', '2026-05-24 12:20:00'),
    (16, 4, 1, '학생 발표회 준비 스케치',
     '<p>학생 발표회를 준비하며 낭독과 생활 글쓰기 발표 순서를 맞춰 본 날의 기록입니다.</p>',
     'PUBLISHED', FALSE, FALSE, 'https://picsum.photos/seed/gjlearn-presentation/800/450', NULL, 66, FALSE, '2026-05-18 18:40:00', '2026-05-18 18:40:00'),
    (17, 4, 1, '생활 문해 낭독 모임',
     '<p>학생들이 직접 고른 생활 글을 함께 읽고 짧은 소감을 나눈 낭독 모임입니다.</p>',
     'PUBLISHED', FALSE, FALSE, 'https://picsum.photos/seed/gjlearn-reading/800/450', NULL, 72, FALSE, '2026-05-14 19:30:00', '2026-05-14 19:30:00'),
    (18, 4, 1, '교사 수업 준비 워크숍',
     '<p>신규 교안 작성법과 수업 자료 정리 방식을 함께 실습한 교사 워크숍입니다.</p>',
     'PUBLISHED', FALSE, FALSE, 'https://picsum.photos/seed/gjlearn-workshop/800/450', NULL, 58, FALSE, '2026-05-10 14:00:00', '2026-05-10 14:00:00'),
    (19, 4, 1, '야외 체험 활동 기록',
     '<p>분반 학생들과 가까운 생활 공간을 걸으며 읽기와 표현 활동을 연결한 체험 기록입니다.</p>',
     'PUBLISHED', FALSE, FALSE, 'https://picsum.photos/seed/gjlearn-field-day/800/450', NULL, 61, FALSE, '2026-05-04 16:20:00', '2026-05-04 16:20:00'),
    (20, 4, 1, '작은 발표 전시회',
     '<p>한 학기 동안 쓴 글과 그림을 모아 서로에게 소개한 작은 발표 전시회입니다.</p>',
     'PUBLISHED', FALSE, FALSE, 'https://picsum.photos/seed/gjlearn-exhibition/800/450', NULL, 49, FALSE, '2026-04-29 18:00:00', '2026-04-29 18:00:00');
ALTER SEQUENCE posts_id_seq RESTART WITH 21;

-- 8. Subjects
INSERT INTO subjects (id, class_id, teacher_id, name, start_at, end_at, day_of_week, start_time, end_time, period, teacher_assigned_at, description)
VALUES
    (1, 1, 2, '한글 기초', '2026-02-01', '2026-06-30', 'WEDNESDAY', '19:20:00', '20:00:00', 1, '2026-02-01 00:00:00', '벚꽃반 상반기 1교시 한글 기초 수업'),
    (2, 1, 2, '받아쓰기', '2026-02-01', '2026-06-30', 'WEDNESDAY', '20:10:00', '20:50:00', 2, '2026-02-01 00:00:00', '벚꽃반 상반기 2교시 받아쓰기 수업'),
    (3, 1, 2, '생활 문해', '2026-02-01', '2026-06-30', 'WEDNESDAY', '21:00:00', '21:40:00', 3, '2026-02-01 00:00:00', '벚꽃반 상반기 3교시 생활 문해 수업'),
    (4, 2, 3, '수학 기초', '2026-02-01', '2026-06-30', 'WEDNESDAY', '19:20:00', '20:00:00', 1, '2026-02-01 00:00:00', '개나리반 상반기 1교시 수학 기초 수업'),
    (5, 2, 3, '생활 계산', '2026-02-01', '2026-06-30', 'WEDNESDAY', '20:10:00', '20:50:00', 2, '2026-02-01 00:00:00', '개나리반 상반기 2교시 생활 계산 수업'),
    (6, 2, 3, '문제 풀이', '2026-02-01', '2026-06-30', 'WEDNESDAY', '21:00:00', '21:40:00', 3, '2026-02-01 00:00:00', '개나리반 상반기 3교시 문제 풀이 수업'),
    (7, 8, 3, '스마트폰 활용', '2026-02-01', '2026-06-30', 'SATURDAY', '10:00:00', '10:40:00', 1, '2026-02-01 00:00:00', '주말 스마트폰반 상반기 1교시 스마트폰 활용 수업'),
    (8, 8, 3, '사진 보내기', '2026-02-01', '2026-06-30', 'SATURDAY', '10:50:00', '11:30:00', 2, '2026-02-01 00:00:00', '주말 스마트폰반 상반기 2교시 사진 보내기 수업'),
    (9, 8, 3, '길 찾기', '2026-02-01', '2026-06-30', 'SATURDAY', '11:40:00', '12:20:00', 3, '2026-02-01 00:00:00', '주말 스마트폰반 상반기 3교시 길 찾기 수업'),
    (10, 1, 2, '생활 한글', '2026-06-29', '2026-09-30', 'MONDAY', '19:20:00', '20:00:00', 1, '2026-06-30 00:00:00', '벚꽃반 7~9월 1교시 생활 한글 수업'),
    (11, 1, 2, '읽기 연습', '2026-06-29', '2026-09-30', 'MONDAY', '20:10:00', '20:50:00', 2, '2026-06-30 00:00:00', '벚꽃반 7~9월 2교시 읽기 연습 수업'),
    (12, 1, 2, '문장 쓰기', '2026-06-29', '2026-09-30', 'MONDAY', '21:00:00', '21:40:00', 3, '2026-06-30 00:00:00', '벚꽃반 7~9월 3교시 문장 쓰기 수업'),
    (13, 2, 6, '문해 복습', '2026-06-29', '2026-09-30', 'FRIDAY', '19:20:00', '20:00:00', 1, '2026-06-30 00:00:00', '개나리반 7~9월 1교시 문해 복습 수업'),
    (14, 2, 6, '생활 수학', '2026-06-29', '2026-09-30', 'FRIDAY', '20:10:00', '20:50:00', 2, '2026-06-30 00:00:00', '개나리반 7~9월 2교시 생활 수학 수업'),
    (15, 2, 6, '받아쓰기', '2026-06-29', '2026-09-30', 'FRIDAY', '21:00:00', '21:40:00', 3, '2026-06-30 00:00:00', '개나리반 7~9월 3교시 받아쓰기 수업'),
    (16, 3, 11, '생활 한글', '2026-06-29', '2026-09-30', 'TUESDAY', '19:20:00', '20:00:00', 1, '2026-06-30 00:00:00', '민들레반 7~9월 1교시 생활 한글 수업'),
    (17, 3, 11, '문장 읽기', '2026-06-29', '2026-09-30', 'TUESDAY', '20:10:00', '20:50:00', 2, '2026-06-30 00:00:00', '민들레반 7~9월 2교시 문장 읽기 수업'),
    (18, 3, 11, '기초 수학', '2026-06-29', '2026-09-30', 'TUESDAY', '21:00:00', '21:40:00', 3, '2026-06-30 00:00:00', '민들레반 7~9월 3교시 기초 수학 수업'),
    (19, 4, 12, '생활 수학', '2026-06-29', '2026-09-30', 'WEDNESDAY', '19:20:00', '20:00:00', 1, '2026-06-30 00:00:00', '동백반 7~9월 1교시 생활 수학 수업'),
    (20, 4, 12, '한글 복습', '2026-06-29', '2026-09-30', 'WEDNESDAY', '20:10:00', '20:50:00', 2, '2026-06-30 00:00:00', '동백반 7~9월 2교시 한글 복습 수업'),
    (21, 4, 12, '읽기 활동', '2026-06-29', '2026-09-30', 'WEDNESDAY', '21:00:00', '21:40:00', 3, '2026-06-30 00:00:00', '동백반 7~9월 3교시 읽기 활동 수업'),
    (22, 5, 13, '국어 읽기', '2026-06-29', '2026-09-30', 'THURSDAY', '19:20:00', '20:00:00', 1, '2026-06-30 00:00:00', '해바라기반 7~9월 1교시 국어 읽기 수업'),
    (23, 5, 13, '말하기 연습', '2026-06-29', '2026-09-30', 'THURSDAY', '20:10:00', '20:50:00', 2, '2026-06-30 00:00:00', '해바라기반 7~9월 2교시 말하기 연습 수업'),
    (24, 5, 13, '생활 글쓰기', '2026-06-29', '2026-09-30', 'THURSDAY', '21:00:00', '21:40:00', 3, '2026-06-30 00:00:00', '해바라기반 7~9월 3교시 생활 글쓰기 수업'),
    (25, 6, 8, '과학 생활', '2026-06-29', '2026-09-30', 'THURSDAY', '19:20:00', '20:00:00', 1, '2026-06-30 00:00:00', '국화반 7~9월 1교시 과학 생활 수업'),
    (26, 6, 8, '국어 표현', '2026-06-29', '2026-09-30', 'THURSDAY', '20:10:00', '20:50:00', 2, '2026-06-30 00:00:00', '국화반 7~9월 2교시 국어 표현 수업'),
    (27, 6, 8, '생활 사회', '2026-06-29', '2026-09-30', 'THURSDAY', '21:00:00', '21:40:00', 3, '2026-06-30 00:00:00', '국화반 7~9월 3교시 생활 사회 수업'),
    (28, 7, 14, '영어 첫걸음', '2026-06-29', '2026-09-30', 'SATURDAY', '10:00:00', '10:40:00', 1, '2026-06-30 00:00:00', '주말 영어반 7~9월 1교시 영어 첫걸음 수업'),
    (29, 7, 14, '영어 읽기', '2026-06-29', '2026-09-30', 'SATURDAY', '10:50:00', '11:30:00', 2, '2026-06-30 00:00:00', '주말 영어반 7~9월 2교시 영어 읽기 수업'),
    (30, 7, 14, '영어 회화', '2026-06-29', '2026-09-30', 'SATURDAY', '11:40:00', '12:20:00', 3, '2026-06-30 00:00:00', '주말 영어반 7~9월 3교시 영어 회화 수업'),
    (31, 8, 3, '스마트폰 실습', '2026-06-29', '2026-09-30', 'SATURDAY', '10:00:00', '10:40:00', 1, '2026-06-30 00:00:00', '주말 스마트폰반 7~9월 1교시 스마트폰 실습 수업'),
    (32, 8, 3, '사진과 지도', '2026-06-29', '2026-09-30', 'SATURDAY', '10:50:00', '11:30:00', 2, '2026-06-30 00:00:00', '주말 스마트폰반 7~9월 2교시 사진과 지도 수업'),
    (33, 8, 3, '메시지 활용', '2026-06-29', '2026-09-30', 'SATURDAY', '11:40:00', '12:20:00', 3, '2026-06-30 00:00:00', '주말 스마트폰반 7~9월 3교시 메시지 활용 수업'),
    (34, 9, 15, '계절 보충', '2026-06-29', '2026-09-30', 'WEDNESDAY', '19:20:00', '20:00:00', 1, '2026-06-30 00:00:00', '겨울반 7~9월 1교시 계절 보충 수업'),
    (35, 9, 15, '읽기 보충', '2026-06-29', '2026-09-30', 'WEDNESDAY', '20:10:00', '20:50:00', 2, '2026-06-30 00:00:00', '겨울반 7~9월 2교시 읽기 보충 수업'),
    (36, 9, 15, '생활 계산', '2026-06-29', '2026-09-30', 'WEDNESDAY', '21:00:00', '21:40:00', 3, '2026-06-30 00:00:00', '겨울반 7~9월 3교시 생활 계산 수업');
ALTER SEQUENCE subjects_id_seq RESTART WITH 37;

-- 8-1. Teacher Applications and Schedule Assignments
INSERT INTO teacher_applications (
    id, applicant_id, applicant_name, applicant_phone_number, applicant_email,
    birth_date, address, education_and_major, preferred_subject_id,
    motivation, desired_teacher_image, meaning_of_sharing,
    status, reviewed_at, reviewed_by, review_note, created_at, updated_at
)
VALUES
    (1, 5, '박지원', '010-5555-0101', 'applicant01@test.com',
     '1998-04-12', '부산광역시 금정구', '부산대학교 국어교육과 재학', 25,
     '평일 저녁 문해 수업에 꾸준히 참여하고 싶습니다.',
     '학생의 속도에 맞춰 기다리는 선생님이 되고 싶습니다.',
     '제가 가진 시간을 지역의 배움과 나누는 일이라고 생각합니다.',
     'PENDING', NULL, NULL, NULL, '2026-06-01 10:00:00', '2026-06-01 10:00:00'),
    (2, 6, '최승인', '010-5555-0202', 'approved-teacher01@test.com',
     '1995-09-20', '부산광역시 동래구', '동아대학교 수학교육과 졸업', 13,
     '금요일 저녁 시간표를 맡아 장기적으로 수업하고 싶습니다.',
     '수업 준비와 기록을 성실히 남기는 선생님이 되고 싶습니다.',
     '배움의 기회를 함께 만드는 일이라고 생각합니다.',
     'APPROVED', '2026-06-01 14:00:00', 1, '면접 후 금요일 개나리반 시간표로 승인', '2026-05-29 09:30:00', '2026-06-01 14:00:00'),
    (3, 7, '정반려', '010-5555-0303', 'rejected-applicant01@test.com',
     '1997-12-03', '부산광역시 해운대구', '부경대학교 영어영문학과 졸업', 31,
     '주말 스마트폰반 봉사에 관심이 있어 지원했습니다.',
     '쉽게 설명하고 반복해서 도와주는 선생님이 되고 싶습니다.',
     '기술 사용에 어려움을 겪는 분들과 경험을 나누는 일이라고 생각합니다.',
     'REJECTED', '2026-06-02 11:00:00', 1, '활동 가능 기간 재확인 필요', '2026-05-30 16:20:00', '2026-06-02 11:00:00'),
    (4, 9, '한취소', '010-5555-0404', 'cancelled-applicant01@test.com',
     '1999-08-14', '부산광역시 금정구', '부산대학교 사회학과 재학', 31,
     '주말 스마트폰반 활동을 희망했지만 일정이 변경되었습니다.',
     '차분히 반복 설명하는 선생님이 되고 싶습니다.',
     '필요한 곳에 시간을 나누는 일이라고 생각합니다.',
     'CANCELLED', NULL, NULL, NULL, '2026-06-01 12:00:00', '2026-06-01 12:30:00');
ALTER SEQUENCE teacher_applications_id_seq RESTART WITH 5;

INSERT INTO teacher_schedule_assignments (id, teacher_application_id, subject_id, created_at, updated_at)
VALUES
    (1, 2, 13, '2026-06-01 14:00:00', '2026-06-01 14:00:00'),
    (2, 2, 14, '2026-06-01 14:00:00', '2026-06-01 14:00:00'),
    (3, 2, 15, '2026-06-01 14:00:00', '2026-06-01 14:00:00');
ALTER SEQUENCE teacher_schedule_assignments_id_seq RESTART WITH 4;

-- 9. Lessons
INSERT INTO lessons (id, subject_id, teacher_id, period, date, start_time, end_time, status)
VALUES
    (1, 1, 2, 1, '2026-02-04', '19:20:00', '20:00:00', 'SCHEDULED'),
    (2, 2, 2, 2, '2026-02-04', '20:10:00', '20:50:00', 'SCHEDULED'),
    (3, 3, 2, 3, '2026-02-04', '21:00:00', '21:40:00', 'SCHEDULED'),
    (4, 4, 3, 1, '2026-02-04', '19:20:00', '20:00:00', 'SCHEDULED'),
    (5, 5, 3, 2, '2026-02-04', '20:10:00', '20:50:00', 'SCHEDULED'),
    (6, 6, 3, 3, '2026-02-04', '21:00:00', '21:40:00', 'SCHEDULED'),
    (7, 7, 3, 1, '2026-02-07', '10:00:00', '10:40:00', 'SCHEDULED'),
    (8, 8, 3, 2, '2026-02-07', '10:50:00', '11:30:00', 'SCHEDULED'),
    (9, 9, 3, 3, '2026-02-07', '11:40:00', '12:20:00', 'SCHEDULED'),
    (10, 1, 2, 1, '2026-02-11', '19:20:00', '20:00:00', 'SCHEDULED'),
    (11, 2, 2, 2, '2026-02-11', '20:10:00', '20:50:00', 'SCHEDULED'),
    (12, 3, 2, 3, '2026-02-11', '21:00:00', '21:40:00', 'SCHEDULED'),
    (13, 4, 3, 1, '2026-02-11', '19:20:00', '20:00:00', 'SCHEDULED'),
    (14, 5, 3, 2, '2026-02-11', '20:10:00', '20:50:00', 'SCHEDULED'),
    (15, 6, 3, 3, '2026-02-11', '21:00:00', '21:40:00', 'SCHEDULED'),
    (16, 7, 3, 1, '2026-02-14', '10:00:00', '10:40:00', 'SCHEDULED'),
    (17, 8, 3, 2, '2026-02-14', '10:50:00', '11:30:00', 'SCHEDULED'),
    (18, 9, 3, 3, '2026-02-14', '11:40:00', '12:20:00', 'SCHEDULED'),
    (19, 1, 2, 1, '2026-02-18', '19:20:00', '20:00:00', 'SCHEDULED'),
    (20, 2, 2, 2, '2026-02-18', '20:10:00', '20:50:00', 'SCHEDULED'),
    (21, 3, 2, 3, '2026-02-18', '21:00:00', '21:40:00', 'SCHEDULED'),
    (22, 4, 3, 1, '2026-02-18', '19:20:00', '20:00:00', 'SCHEDULED'),
    (23, 5, 3, 2, '2026-02-18', '20:10:00', '20:50:00', 'SCHEDULED'),
    (24, 6, 3, 3, '2026-02-18', '21:00:00', '21:40:00', 'SCHEDULED'),
    (25, 7, 3, 1, '2026-02-21', '10:00:00', '10:40:00', 'SCHEDULED'),
    (26, 8, 3, 2, '2026-02-21', '10:50:00', '11:30:00', 'SCHEDULED'),
    (27, 9, 3, 3, '2026-02-21', '11:40:00', '12:20:00', 'SCHEDULED'),
    (28, 1, 2, 1, '2026-02-25', '19:20:00', '20:00:00', 'SCHEDULED'),
    (29, 2, 2, 2, '2026-02-25', '20:10:00', '20:50:00', 'SCHEDULED'),
    (30, 3, 2, 3, '2026-02-25', '21:00:00', '21:40:00', 'SCHEDULED'),
    (31, 4, 3, 1, '2026-02-25', '19:20:00', '20:00:00', 'SCHEDULED'),
    (32, 5, 3, 2, '2026-02-25', '20:10:00', '20:50:00', 'SCHEDULED'),
    (33, 6, 3, 3, '2026-02-25', '21:00:00', '21:40:00', 'SCHEDULED'),
    (34, 7, 3, 1, '2026-02-28', '10:00:00', '10:40:00', 'SCHEDULED'),
    (35, 8, 3, 2, '2026-02-28', '10:50:00', '11:30:00', 'SCHEDULED'),
    (36, 9, 3, 3, '2026-02-28', '11:40:00', '12:20:00', 'SCHEDULED'),
    (37, 1, 2, 1, '2026-03-04', '19:20:00', '20:00:00', 'SCHEDULED'),
    (38, 2, 2, 2, '2026-03-04', '20:10:00', '20:50:00', 'SCHEDULED'),
    (39, 3, 2, 3, '2026-03-04', '21:00:00', '21:40:00', 'SCHEDULED'),
    (40, 4, 3, 1, '2026-03-04', '19:20:00', '20:00:00', 'SCHEDULED'),
    (41, 5, 3, 2, '2026-03-04', '20:10:00', '20:50:00', 'SCHEDULED'),
    (42, 6, 3, 3, '2026-03-04', '21:00:00', '21:40:00', 'SCHEDULED'),
    (43, 7, 3, 1, '2026-03-07', '10:00:00', '10:40:00', 'SCHEDULED'),
    (44, 8, 3, 2, '2026-03-07', '10:50:00', '11:30:00', 'SCHEDULED'),
    (45, 9, 3, 3, '2026-03-07', '11:40:00', '12:20:00', 'SCHEDULED'),
    (46, 1, 2, 1, '2026-03-11', '19:20:00', '20:00:00', 'SCHEDULED'),
    (47, 2, 2, 2, '2026-03-11', '20:10:00', '20:50:00', 'SCHEDULED'),
    (48, 3, 2, 3, '2026-03-11', '21:00:00', '21:40:00', 'SCHEDULED'),
    (49, 4, 3, 1, '2026-03-11', '19:20:00', '20:00:00', 'SCHEDULED'),
    (50, 5, 3, 2, '2026-03-11', '20:10:00', '20:50:00', 'SCHEDULED'),
    (51, 6, 3, 3, '2026-03-11', '21:00:00', '21:40:00', 'SCHEDULED'),
    (52, 7, 3, 1, '2026-03-14', '10:00:00', '10:40:00', 'SCHEDULED'),
    (53, 8, 3, 2, '2026-03-14', '10:50:00', '11:30:00', 'SCHEDULED'),
    (54, 9, 3, 3, '2026-03-14', '11:40:00', '12:20:00', 'SCHEDULED'),
    (55, 1, 2, 1, '2026-03-18', '19:20:00', '20:00:00', 'SCHEDULED'),
    (56, 2, 2, 2, '2026-03-18', '20:10:00', '20:50:00', 'SCHEDULED'),
    (57, 3, 2, 3, '2026-03-18', '21:00:00', '21:40:00', 'SCHEDULED'),
    (58, 4, 3, 1, '2026-03-18', '19:20:00', '20:00:00', 'SCHEDULED'),
    (59, 5, 3, 2, '2026-03-18', '20:10:00', '20:50:00', 'SCHEDULED'),
    (60, 6, 3, 3, '2026-03-18', '21:00:00', '21:40:00', 'SCHEDULED'),
    (61, 7, 3, 1, '2026-03-21', '10:00:00', '10:40:00', 'SCHEDULED'),
    (62, 8, 3, 2, '2026-03-21', '10:50:00', '11:30:00', 'SCHEDULED'),
    (63, 9, 3, 3, '2026-03-21', '11:40:00', '12:20:00', 'SCHEDULED'),
    (64, 1, 2, 1, '2026-03-25', '19:20:00', '20:00:00', 'SCHEDULED'),
    (65, 2, 2, 2, '2026-03-25', '20:10:00', '20:50:00', 'SCHEDULED'),
    (66, 3, 2, 3, '2026-03-25', '21:00:00', '21:40:00', 'SCHEDULED'),
    (67, 4, 3, 1, '2026-03-25', '19:20:00', '20:00:00', 'SCHEDULED'),
    (68, 5, 3, 2, '2026-03-25', '20:10:00', '20:50:00', 'SCHEDULED'),
    (69, 6, 3, 3, '2026-03-25', '21:00:00', '21:40:00', 'SCHEDULED'),
    (70, 7, 3, 1, '2026-03-28', '10:00:00', '10:40:00', 'SCHEDULED'),
    (71, 8, 3, 2, '2026-03-28', '10:50:00', '11:30:00', 'SCHEDULED'),
    (72, 9, 3, 3, '2026-03-28', '11:40:00', '12:20:00', 'SCHEDULED'),
    (73, 1, 2, 1, '2026-04-01', '19:20:00', '20:00:00', 'SCHEDULED'),
    (74, 2, 2, 2, '2026-04-01', '20:10:00', '20:50:00', 'SCHEDULED'),
    (75, 3, 2, 3, '2026-04-01', '21:00:00', '21:40:00', 'SCHEDULED'),
    (76, 4, 3, 1, '2026-04-01', '19:20:00', '20:00:00', 'SCHEDULED'),
    (77, 5, 3, 2, '2026-04-01', '20:10:00', '20:50:00', 'SCHEDULED'),
    (78, 6, 3, 3, '2026-04-01', '21:00:00', '21:40:00', 'SCHEDULED'),
    (79, 7, 3, 1, '2026-04-04', '10:00:00', '10:40:00', 'SCHEDULED'),
    (80, 8, 3, 2, '2026-04-04', '10:50:00', '11:30:00', 'SCHEDULED'),
    (81, 9, 3, 3, '2026-04-04', '11:40:00', '12:20:00', 'SCHEDULED'),
    (82, 1, 2, 1, '2026-04-08', '19:20:00', '20:00:00', 'SCHEDULED'),
    (83, 2, 2, 2, '2026-04-08', '20:10:00', '20:50:00', 'SCHEDULED'),
    (84, 3, 2, 3, '2026-04-08', '21:00:00', '21:40:00', 'SCHEDULED'),
    (85, 4, 3, 1, '2026-04-08', '19:20:00', '20:00:00', 'SCHEDULED'),
    (86, 5, 3, 2, '2026-04-08', '20:10:00', '20:50:00', 'SCHEDULED'),
    (87, 6, 3, 3, '2026-04-08', '21:00:00', '21:40:00', 'SCHEDULED'),
    (88, 7, 3, 1, '2026-04-11', '10:00:00', '10:40:00', 'SCHEDULED'),
    (89, 8, 3, 2, '2026-04-11', '10:50:00', '11:30:00', 'SCHEDULED'),
    (90, 9, 3, 3, '2026-04-11', '11:40:00', '12:20:00', 'SCHEDULED'),
    (91, 1, 2, 1, '2026-04-15', '19:20:00', '20:00:00', 'SCHEDULED'),
    (92, 2, 2, 2, '2026-04-15', '20:10:00', '20:50:00', 'SCHEDULED'),
    (93, 3, 2, 3, '2026-04-15', '21:00:00', '21:40:00', 'SCHEDULED'),
    (94, 4, 3, 1, '2026-04-15', '19:20:00', '20:00:00', 'SCHEDULED'),
    (95, 5, 3, 2, '2026-04-15', '20:10:00', '20:50:00', 'SCHEDULED'),
    (96, 6, 3, 3, '2026-04-15', '21:00:00', '21:40:00', 'SCHEDULED'),
    (97, 7, 3, 1, '2026-04-18', '10:00:00', '10:40:00', 'SCHEDULED'),
    (98, 8, 3, 2, '2026-04-18', '10:50:00', '11:30:00', 'SCHEDULED'),
    (99, 9, 3, 3, '2026-04-18', '11:40:00', '12:20:00', 'SCHEDULED'),
    (100, 1, 2, 1, '2026-04-22', '19:20:00', '20:00:00', 'SCHEDULED'),
    (101, 2, 2, 2, '2026-04-22', '20:10:00', '20:50:00', 'SCHEDULED'),
    (102, 3, 2, 3, '2026-04-22', '21:00:00', '21:40:00', 'SCHEDULED'),
    (103, 4, 3, 1, '2026-04-22', '19:20:00', '20:00:00', 'SCHEDULED'),
    (104, 5, 3, 2, '2026-04-22', '20:10:00', '20:50:00', 'SCHEDULED'),
    (105, 6, 3, 3, '2026-04-22', '21:00:00', '21:40:00', 'SCHEDULED'),
    (106, 7, 3, 1, '2026-04-25', '10:00:00', '10:40:00', 'SCHEDULED'),
    (107, 8, 3, 2, '2026-04-25', '10:50:00', '11:30:00', 'SCHEDULED'),
    (108, 9, 3, 3, '2026-04-25', '11:40:00', '12:20:00', 'SCHEDULED'),
    (109, 1, 2, 1, '2026-04-29', '19:20:00', '20:00:00', 'SCHEDULED'),
    (110, 2, 2, 2, '2026-04-29', '20:10:00', '20:50:00', 'SCHEDULED'),
    (111, 3, 2, 3, '2026-04-29', '21:00:00', '21:40:00', 'SCHEDULED'),
    (112, 4, 3, 1, '2026-04-29', '19:20:00', '20:00:00', 'SCHEDULED'),
    (113, 5, 3, 2, '2026-04-29', '20:10:00', '20:50:00', 'SCHEDULED'),
    (114, 6, 3, 3, '2026-04-29', '21:00:00', '21:40:00', 'SCHEDULED'),
    (115, 7, 3, 1, '2026-05-02', '10:00:00', '10:40:00', 'SCHEDULED'),
    (116, 8, 3, 2, '2026-05-02', '10:50:00', '11:30:00', 'SCHEDULED'),
    (117, 9, 3, 3, '2026-05-02', '11:40:00', '12:20:00', 'SCHEDULED'),
    (118, 1, 2, 1, '2026-05-06', '19:20:00', '20:00:00', 'SCHEDULED'),
    (119, 2, 2, 2, '2026-05-06', '20:10:00', '20:50:00', 'SCHEDULED'),
    (120, 3, 2, 3, '2026-05-06', '21:00:00', '21:40:00', 'SCHEDULED'),
    (121, 4, 3, 1, '2026-05-06', '19:20:00', '20:00:00', 'SCHEDULED'),
    (122, 5, 3, 2, '2026-05-06', '20:10:00', '20:50:00', 'SCHEDULED'),
    (123, 6, 3, 3, '2026-05-06', '21:00:00', '21:40:00', 'SCHEDULED'),
    (124, 7, 3, 1, '2026-05-09', '10:00:00', '10:40:00', 'SCHEDULED'),
    (125, 8, 3, 2, '2026-05-09', '10:50:00', '11:30:00', 'SCHEDULED'),
    (126, 9, 3, 3, '2026-05-09', '11:40:00', '12:20:00', 'SCHEDULED'),
    (127, 1, 2, 1, '2026-05-13', '19:20:00', '20:00:00', 'SCHEDULED'),
    (128, 2, 2, 2, '2026-05-13', '20:10:00', '20:50:00', 'SCHEDULED'),
    (129, 3, 2, 3, '2026-05-13', '21:00:00', '21:40:00', 'SCHEDULED'),
    (130, 4, 3, 1, '2026-05-13', '19:20:00', '20:00:00', 'SCHEDULED'),
    (131, 5, 3, 2, '2026-05-13', '20:10:00', '20:50:00', 'SCHEDULED'),
    (132, 6, 3, 3, '2026-05-13', '21:00:00', '21:40:00', 'SCHEDULED'),
    (133, 7, 3, 1, '2026-05-16', '10:00:00', '10:40:00', 'SCHEDULED'),
    (134, 8, 3, 2, '2026-05-16', '10:50:00', '11:30:00', 'SCHEDULED'),
    (135, 9, 3, 3, '2026-05-16', '11:40:00', '12:20:00', 'SCHEDULED'),
    (136, 1, 2, 1, '2026-05-20', '19:20:00', '20:00:00', 'SCHEDULED'),
    (137, 2, 2, 2, '2026-05-20', '20:10:00', '20:50:00', 'SCHEDULED'),
    (138, 3, 2, 3, '2026-05-20', '21:00:00', '21:40:00', 'SCHEDULED'),
    (139, 4, 3, 1, '2026-05-20', '19:20:00', '20:00:00', 'SCHEDULED'),
    (140, 5, 3, 2, '2026-05-20', '20:10:00', '20:50:00', 'SCHEDULED'),
    (141, 6, 3, 3, '2026-05-20', '21:00:00', '21:40:00', 'SCHEDULED'),
    (142, 7, 3, 1, '2026-05-23', '10:00:00', '10:40:00', 'SCHEDULED'),
    (143, 8, 3, 2, '2026-05-23', '10:50:00', '11:30:00', 'SCHEDULED'),
    (144, 9, 3, 3, '2026-05-23', '11:40:00', '12:20:00', 'SCHEDULED'),
    (145, 1, 2, 1, '2026-05-27', '19:20:00', '20:00:00', 'SCHEDULED'),
    (146, 2, 2, 2, '2026-05-27', '20:10:00', '20:50:00', 'SCHEDULED'),
    (147, 3, 2, 3, '2026-05-27', '21:00:00', '21:40:00', 'SCHEDULED'),
    (148, 4, 3, 1, '2026-05-27', '19:20:00', '20:00:00', 'SCHEDULED'),
    (149, 5, 3, 2, '2026-05-27', '20:10:00', '20:50:00', 'SCHEDULED'),
    (150, 6, 3, 3, '2026-05-27', '21:00:00', '21:40:00', 'SCHEDULED'),
    (151, 7, 3, 1, '2026-05-30', '10:00:00', '10:40:00', 'SCHEDULED'),
    (152, 8, 3, 2, '2026-05-30', '10:50:00', '11:30:00', 'SCHEDULED'),
    (153, 9, 3, 3, '2026-05-30', '11:40:00', '12:20:00', 'SCHEDULED'),
    (154, 1, 2, 1, '2026-06-03', '19:20:00', '20:00:00', 'SCHEDULED'),
    (155, 2, 2, 2, '2026-06-03', '20:10:00', '20:50:00', 'SCHEDULED'),
    (156, 3, 2, 3, '2026-06-03', '21:00:00', '21:40:00', 'SCHEDULED'),
    (157, 4, 3, 1, '2026-06-03', '19:20:00', '20:00:00', 'SCHEDULED'),
    (158, 5, 3, 2, '2026-06-03', '20:10:00', '20:50:00', 'SCHEDULED'),
    (159, 6, 3, 3, '2026-06-03', '21:00:00', '21:40:00', 'SCHEDULED'),
    (160, 7, 3, 1, '2026-06-06', '10:00:00', '10:40:00', 'SCHEDULED'),
    (161, 8, 3, 2, '2026-06-06', '10:50:00', '11:30:00', 'SCHEDULED'),
    (162, 9, 3, 3, '2026-06-06', '11:40:00', '12:20:00', 'SCHEDULED'),
    (163, 1, 2, 1, '2026-06-10', '19:20:00', '20:00:00', 'SCHEDULED'),
    (164, 2, 2, 2, '2026-06-10', '20:10:00', '20:50:00', 'SCHEDULED'),
    (165, 3, 2, 3, '2026-06-10', '21:00:00', '21:40:00', 'SCHEDULED'),
    (166, 4, 3, 1, '2026-06-10', '19:20:00', '20:00:00', 'SCHEDULED'),
    (167, 5, 3, 2, '2026-06-10', '20:10:00', '20:50:00', 'SCHEDULED'),
    (168, 6, 3, 3, '2026-06-10', '21:00:00', '21:40:00', 'SCHEDULED'),
    (169, 7, 3, 1, '2026-06-13', '10:00:00', '10:40:00', 'SCHEDULED'),
    (170, 8, 3, 2, '2026-06-13', '10:50:00', '11:30:00', 'SCHEDULED'),
    (171, 9, 3, 3, '2026-06-13', '11:40:00', '12:20:00', 'SCHEDULED'),
    (172, 1, 2, 1, '2026-06-17', '19:20:00', '20:00:00', 'SCHEDULED'),
    (173, 2, 2, 2, '2026-06-17', '20:10:00', '20:50:00', 'SCHEDULED'),
    (174, 3, 2, 3, '2026-06-17', '21:00:00', '21:40:00', 'SCHEDULED'),
    (175, 4, 3, 1, '2026-06-17', '19:20:00', '20:00:00', 'SCHEDULED'),
    (176, 5, 3, 2, '2026-06-17', '20:10:00', '20:50:00', 'SCHEDULED'),
    (177, 6, 3, 3, '2026-06-17', '21:00:00', '21:40:00', 'SCHEDULED'),
    (178, 7, 3, 1, '2026-06-20', '10:00:00', '10:40:00', 'SCHEDULED'),
    (179, 8, 3, 2, '2026-06-20', '10:50:00', '11:30:00', 'SCHEDULED'),
    (180, 9, 3, 3, '2026-06-20', '11:40:00', '12:20:00', 'SCHEDULED'),
    (181, 1, 2, 1, '2026-06-24', '19:20:00', '20:00:00', 'SCHEDULED'),
    (182, 2, 2, 2, '2026-06-24', '20:10:00', '20:50:00', 'SCHEDULED'),
    (183, 3, 2, 3, '2026-06-24', '21:00:00', '21:40:00', 'SCHEDULED'),
    (184, 4, 3, 1, '2026-06-24', '19:20:00', '20:00:00', 'SCHEDULED'),
    (185, 5, 3, 2, '2026-06-24', '20:10:00', '20:50:00', 'SCHEDULED'),
    (186, 6, 3, 3, '2026-06-24', '21:00:00', '21:40:00', 'SCHEDULED'),
    (187, 7, 3, 1, '2026-06-27', '10:00:00', '10:40:00', 'SCHEDULED'),
    (188, 8, 3, 2, '2026-06-27', '10:50:00', '11:30:00', 'SCHEDULED'),
    (189, 9, 3, 3, '2026-06-27', '11:40:00', '12:20:00', 'SCHEDULED'),
    (190, 10, 2, 1, '2026-06-29', '19:20:00', '20:00:00', 'SCHEDULED'),
    (191, 11, 2, 2, '2026-06-29', '20:10:00', '20:50:00', 'SCHEDULED'),
    (192, 12, 2, 3, '2026-06-29', '21:00:00', '21:40:00', 'SCHEDULED'),
    (193, 16, 11, 1, '2026-06-30', '19:20:00', '20:00:00', 'SCHEDULED'),
    (194, 17, 11, 2, '2026-06-30', '20:10:00', '20:50:00', 'SCHEDULED'),
    (195, 18, 11, 3, '2026-06-30', '21:00:00', '21:40:00', 'SCHEDULED'),
    (196, 19, 12, 1, '2026-07-01', '19:20:00', '20:00:00', 'SCHEDULED'),
    (197, 20, 12, 2, '2026-07-01', '20:10:00', '20:50:00', 'SCHEDULED'),
    (198, 21, 12, 3, '2026-07-01', '21:00:00', '21:40:00', 'SCHEDULED'),
    (199, 34, 15, 1, '2026-07-01', '19:20:00', '20:00:00', 'SCHEDULED'),
    (200, 35, 15, 2, '2026-07-01', '20:10:00', '20:50:00', 'SCHEDULED'),
    (201, 36, 15, 3, '2026-07-01', '21:00:00', '21:40:00', 'SCHEDULED'),
    (202, 22, 13, 1, '2026-07-02', '19:20:00', '20:00:00', 'SCHEDULED'),
    (203, 23, 13, 2, '2026-07-02', '20:10:00', '20:50:00', 'SCHEDULED'),
    (204, 24, 13, 3, '2026-07-02', '21:00:00', '21:40:00', 'SCHEDULED'),
    (205, 25, 8, 1, '2026-07-02', '19:20:00', '20:00:00', 'SCHEDULED'),
    (206, 26, 8, 2, '2026-07-02', '20:10:00', '20:50:00', 'SCHEDULED'),
    (207, 27, 8, 3, '2026-07-02', '21:00:00', '21:40:00', 'SCHEDULED'),
    (208, 13, 6, 1, '2026-07-03', '19:20:00', '20:00:00', 'SCHEDULED'),
    (209, 14, 6, 2, '2026-07-03', '20:10:00', '20:50:00', 'SCHEDULED'),
    (210, 15, 6, 3, '2026-07-03', '21:00:00', '21:40:00', 'SCHEDULED'),
    (211, 28, 14, 1, '2026-07-04', '10:00:00', '10:40:00', 'SCHEDULED'),
    (212, 29, 14, 2, '2026-07-04', '10:50:00', '11:30:00', 'SCHEDULED'),
    (213, 30, 14, 3, '2026-07-04', '11:40:00', '12:20:00', 'SCHEDULED'),
    (214, 31, 3, 1, '2026-07-04', '10:00:00', '10:40:00', 'SCHEDULED'),
    (215, 32, 3, 2, '2026-07-04', '10:50:00', '11:30:00', 'SCHEDULED'),
    (216, 33, 3, 3, '2026-07-04', '11:40:00', '12:20:00', 'SCHEDULED'),
    (217, 10, 2, 1, '2026-07-06', '19:20:00', '20:00:00', 'SCHEDULED'),
    (218, 11, 2, 2, '2026-07-06', '20:10:00', '20:50:00', 'SCHEDULED'),
    (219, 12, 2, 3, '2026-07-06', '21:00:00', '21:40:00', 'SCHEDULED'),
    (220, 16, 11, 1, '2026-07-07', '19:20:00', '20:00:00', 'SCHEDULED'),
    (221, 17, 11, 2, '2026-07-07', '20:10:00', '20:50:00', 'SCHEDULED'),
    (222, 18, 11, 3, '2026-07-07', '21:00:00', '21:40:00', 'SCHEDULED'),
    (223, 19, 12, 1, '2026-07-08', '19:20:00', '20:00:00', 'SCHEDULED'),
    (224, 20, 12, 2, '2026-07-08', '20:10:00', '20:50:00', 'SCHEDULED'),
    (225, 21, 12, 3, '2026-07-08', '21:00:00', '21:40:00', 'SCHEDULED'),
    (226, 34, 15, 1, '2026-07-08', '19:20:00', '20:00:00', 'SCHEDULED'),
    (227, 35, 15, 2, '2026-07-08', '20:10:00', '20:50:00', 'SCHEDULED'),
    (228, 36, 15, 3, '2026-07-08', '21:00:00', '21:40:00', 'SCHEDULED'),
    (229, 22, 13, 1, '2026-07-09', '19:20:00', '20:00:00', 'SCHEDULED'),
    (230, 23, 13, 2, '2026-07-09', '20:10:00', '20:50:00', 'SCHEDULED'),
    (231, 24, 13, 3, '2026-07-09', '21:00:00', '21:40:00', 'SCHEDULED'),
    (232, 25, 8, 1, '2026-07-09', '19:20:00', '20:00:00', 'SCHEDULED'),
    (233, 26, 8, 2, '2026-07-09', '20:10:00', '20:50:00', 'SCHEDULED'),
    (234, 27, 8, 3, '2026-07-09', '21:00:00', '21:40:00', 'SCHEDULED'),
    (235, 13, 6, 1, '2026-07-10', '19:20:00', '20:00:00', 'SCHEDULED'),
    (236, 14, 6, 2, '2026-07-10', '20:10:00', '20:50:00', 'SCHEDULED'),
    (237, 15, 6, 3, '2026-07-10', '21:00:00', '21:40:00', 'SCHEDULED'),
    (238, 28, 14, 1, '2026-07-11', '10:00:00', '10:40:00', 'SCHEDULED'),
    (239, 29, 14, 2, '2026-07-11', '10:50:00', '11:30:00', 'SCHEDULED'),
    (240, 30, 14, 3, '2026-07-11', '11:40:00', '12:20:00', 'SCHEDULED'),
    (241, 31, 3, 1, '2026-07-11', '10:00:00', '10:40:00', 'SCHEDULED'),
    (242, 32, 3, 2, '2026-07-11', '10:50:00', '11:30:00', 'SCHEDULED'),
    (243, 33, 3, 3, '2026-07-11', '11:40:00', '12:20:00', 'SCHEDULED'),
    (244, 10, 2, 1, '2026-07-13', '19:20:00', '20:00:00', 'SCHEDULED'),
    (245, 11, 2, 2, '2026-07-13', '20:10:00', '20:50:00', 'SCHEDULED'),
    (246, 12, 2, 3, '2026-07-13', '21:00:00', '21:40:00', 'SCHEDULED'),
    (247, 16, 11, 1, '2026-07-14', '19:20:00', '20:00:00', 'SCHEDULED'),
    (248, 17, 11, 2, '2026-07-14', '20:10:00', '20:50:00', 'SCHEDULED'),
    (249, 18, 11, 3, '2026-07-14', '21:00:00', '21:40:00', 'SCHEDULED'),
    (250, 19, 12, 1, '2026-07-15', '19:20:00', '20:00:00', 'SCHEDULED'),
    (251, 20, 12, 2, '2026-07-15', '20:10:00', '20:50:00', 'SCHEDULED'),
    (252, 21, 12, 3, '2026-07-15', '21:00:00', '21:40:00', 'SCHEDULED'),
    (253, 34, 15, 1, '2026-07-15', '19:20:00', '20:00:00', 'SCHEDULED'),
    (254, 35, 15, 2, '2026-07-15', '20:10:00', '20:50:00', 'SCHEDULED'),
    (255, 36, 15, 3, '2026-07-15', '21:00:00', '21:40:00', 'SCHEDULED'),
    (256, 22, 13, 1, '2026-07-16', '19:20:00', '20:00:00', 'SCHEDULED'),
    (257, 23, 13, 2, '2026-07-16', '20:10:00', '20:50:00', 'SCHEDULED'),
    (258, 24, 13, 3, '2026-07-16', '21:00:00', '21:40:00', 'SCHEDULED'),
    (259, 25, 8, 1, '2026-07-16', '19:20:00', '20:00:00', 'SCHEDULED'),
    (260, 26, 8, 2, '2026-07-16', '20:10:00', '20:50:00', 'SCHEDULED'),
    (261, 27, 8, 3, '2026-07-16', '21:00:00', '21:40:00', 'SCHEDULED'),
    (262, 13, 6, 1, '2026-07-17', '19:20:00', '20:00:00', 'SCHEDULED'),
    (263, 14, 6, 2, '2026-07-17', '20:10:00', '20:50:00', 'SCHEDULED'),
    (264, 15, 6, 3, '2026-07-17', '21:00:00', '21:40:00', 'SCHEDULED'),
    (265, 28, 14, 1, '2026-07-18', '10:00:00', '10:40:00', 'SCHEDULED'),
    (266, 29, 14, 2, '2026-07-18', '10:50:00', '11:30:00', 'SCHEDULED'),
    (267, 30, 14, 3, '2026-07-18', '11:40:00', '12:20:00', 'SCHEDULED'),
    (268, 31, 3, 1, '2026-07-18', '10:00:00', '10:40:00', 'SCHEDULED'),
    (269, 32, 3, 2, '2026-07-18', '10:50:00', '11:30:00', 'SCHEDULED'),
    (270, 33, 3, 3, '2026-07-18', '11:40:00', '12:20:00', 'SCHEDULED'),
    (271, 10, 2, 1, '2026-07-20', '19:20:00', '20:00:00', 'SCHEDULED'),
    (272, 11, 2, 2, '2026-07-20', '20:10:00', '20:50:00', 'SCHEDULED'),
    (273, 12, 2, 3, '2026-07-20', '21:00:00', '21:40:00', 'SCHEDULED'),
    (274, 16, 11, 1, '2026-07-21', '19:20:00', '20:00:00', 'SCHEDULED'),
    (275, 17, 11, 2, '2026-07-21', '20:10:00', '20:50:00', 'SCHEDULED'),
    (276, 18, 11, 3, '2026-07-21', '21:00:00', '21:40:00', 'SCHEDULED'),
    (277, 19, 12, 1, '2026-07-22', '19:20:00', '20:00:00', 'SCHEDULED'),
    (278, 20, 12, 2, '2026-07-22', '20:10:00', '20:50:00', 'SCHEDULED'),
    (279, 21, 12, 3, '2026-07-22', '21:00:00', '21:40:00', 'SCHEDULED'),
    (280, 34, 15, 1, '2026-07-22', '19:20:00', '20:00:00', 'SCHEDULED'),
    (281, 35, 15, 2, '2026-07-22', '20:10:00', '20:50:00', 'SCHEDULED'),
    (282, 36, 15, 3, '2026-07-22', '21:00:00', '21:40:00', 'SCHEDULED'),
    (283, 22, 13, 1, '2026-07-23', '19:20:00', '20:00:00', 'SCHEDULED'),
    (284, 23, 13, 2, '2026-07-23', '20:10:00', '20:50:00', 'SCHEDULED'),
    (285, 24, 13, 3, '2026-07-23', '21:00:00', '21:40:00', 'SCHEDULED'),
    (286, 25, 8, 1, '2026-07-23', '19:20:00', '20:00:00', 'SCHEDULED'),
    (287, 26, 8, 2, '2026-07-23', '20:10:00', '20:50:00', 'SCHEDULED'),
    (288, 27, 8, 3, '2026-07-23', '21:00:00', '21:40:00', 'SCHEDULED'),
    (289, 13, 6, 1, '2026-07-24', '19:20:00', '20:00:00', 'SCHEDULED'),
    (290, 14, 6, 2, '2026-07-24', '20:10:00', '20:50:00', 'SCHEDULED'),
    (291, 15, 6, 3, '2026-07-24', '21:00:00', '21:40:00', 'SCHEDULED'),
    (292, 28, 14, 1, '2026-07-25', '10:00:00', '10:40:00', 'SCHEDULED'),
    (293, 29, 14, 2, '2026-07-25', '10:50:00', '11:30:00', 'SCHEDULED'),
    (294, 30, 14, 3, '2026-07-25', '11:40:00', '12:20:00', 'SCHEDULED'),
    (295, 31, 3, 1, '2026-07-25', '10:00:00', '10:40:00', 'SCHEDULED'),
    (296, 32, 3, 2, '2026-07-25', '10:50:00', '11:30:00', 'SCHEDULED'),
    (297, 33, 3, 3, '2026-07-25', '11:40:00', '12:20:00', 'SCHEDULED'),
    (298, 10, 2, 1, '2026-07-27', '19:20:00', '20:00:00', 'SCHEDULED'),
    (299, 11, 2, 2, '2026-07-27', '20:10:00', '20:50:00', 'SCHEDULED'),
    (300, 12, 2, 3, '2026-07-27', '21:00:00', '21:40:00', 'SCHEDULED'),
    (301, 16, 11, 1, '2026-07-28', '19:20:00', '20:00:00', 'SCHEDULED'),
    (302, 17, 11, 2, '2026-07-28', '20:10:00', '20:50:00', 'SCHEDULED'),
    (303, 18, 11, 3, '2026-07-28', '21:00:00', '21:40:00', 'SCHEDULED'),
    (304, 19, 12, 1, '2026-07-29', '19:20:00', '20:00:00', 'SCHEDULED'),
    (305, 20, 12, 2, '2026-07-29', '20:10:00', '20:50:00', 'SCHEDULED'),
    (306, 21, 12, 3, '2026-07-29', '21:00:00', '21:40:00', 'SCHEDULED'),
    (307, 34, 15, 1, '2026-07-29', '19:20:00', '20:00:00', 'SCHEDULED'),
    (308, 35, 15, 2, '2026-07-29', '20:10:00', '20:50:00', 'SCHEDULED'),
    (309, 36, 15, 3, '2026-07-29', '21:00:00', '21:40:00', 'SCHEDULED'),
    (310, 22, 13, 1, '2026-07-30', '19:20:00', '20:00:00', 'SCHEDULED'),
    (311, 23, 13, 2, '2026-07-30', '20:10:00', '20:50:00', 'SCHEDULED'),
    (312, 24, 13, 3, '2026-07-30', '21:00:00', '21:40:00', 'SCHEDULED'),
    (313, 25, 8, 1, '2026-07-30', '19:20:00', '20:00:00', 'SCHEDULED'),
    (314, 26, 8, 2, '2026-07-30', '20:10:00', '20:50:00', 'SCHEDULED'),
    (315, 27, 8, 3, '2026-07-30', '21:00:00', '21:40:00', 'SCHEDULED'),
    (316, 13, 6, 1, '2026-07-31', '19:20:00', '20:00:00', 'SCHEDULED'),
    (317, 14, 6, 2, '2026-07-31', '20:10:00', '20:50:00', 'SCHEDULED'),
    (318, 15, 6, 3, '2026-07-31', '21:00:00', '21:40:00', 'SCHEDULED'),
    (319, 28, 14, 1, '2026-08-01', '10:00:00', '10:40:00', 'SCHEDULED'),
    (320, 29, 14, 2, '2026-08-01', '10:50:00', '11:30:00', 'SCHEDULED'),
    (321, 30, 14, 3, '2026-08-01', '11:40:00', '12:20:00', 'SCHEDULED'),
    (322, 31, 3, 1, '2026-08-01', '10:00:00', '10:40:00', 'SCHEDULED'),
    (323, 32, 3, 2, '2026-08-01', '10:50:00', '11:30:00', 'SCHEDULED'),
    (324, 33, 3, 3, '2026-08-01', '11:40:00', '12:20:00', 'SCHEDULED'),
    (325, 10, 2, 1, '2026-08-03', '19:20:00', '20:00:00', 'SCHEDULED'),
    (326, 11, 2, 2, '2026-08-03', '20:10:00', '20:50:00', 'SCHEDULED'),
    (327, 12, 2, 3, '2026-08-03', '21:00:00', '21:40:00', 'SCHEDULED'),
    (328, 16, 11, 1, '2026-08-04', '19:20:00', '20:00:00', 'SCHEDULED'),
    (329, 17, 11, 2, '2026-08-04', '20:10:00', '20:50:00', 'SCHEDULED'),
    (330, 18, 11, 3, '2026-08-04', '21:00:00', '21:40:00', 'SCHEDULED'),
    (331, 19, 12, 1, '2026-08-05', '19:20:00', '20:00:00', 'SCHEDULED'),
    (332, 20, 12, 2, '2026-08-05', '20:10:00', '20:50:00', 'SCHEDULED'),
    (333, 21, 12, 3, '2026-08-05', '21:00:00', '21:40:00', 'SCHEDULED'),
    (334, 34, 15, 1, '2026-08-05', '19:20:00', '20:00:00', 'SCHEDULED'),
    (335, 35, 15, 2, '2026-08-05', '20:10:00', '20:50:00', 'SCHEDULED'),
    (336, 36, 15, 3, '2026-08-05', '21:00:00', '21:40:00', 'SCHEDULED'),
    (337, 22, 13, 1, '2026-08-06', '19:20:00', '20:00:00', 'SCHEDULED'),
    (338, 23, 13, 2, '2026-08-06', '20:10:00', '20:50:00', 'SCHEDULED'),
    (339, 24, 13, 3, '2026-08-06', '21:00:00', '21:40:00', 'SCHEDULED'),
    (340, 25, 8, 1, '2026-08-06', '19:20:00', '20:00:00', 'SCHEDULED'),
    (341, 26, 8, 2, '2026-08-06', '20:10:00', '20:50:00', 'SCHEDULED'),
    (342, 27, 8, 3, '2026-08-06', '21:00:00', '21:40:00', 'SCHEDULED'),
    (343, 13, 6, 1, '2026-08-07', '19:20:00', '20:00:00', 'SCHEDULED'),
    (344, 14, 6, 2, '2026-08-07', '20:10:00', '20:50:00', 'SCHEDULED'),
    (345, 15, 6, 3, '2026-08-07', '21:00:00', '21:40:00', 'SCHEDULED'),
    (346, 28, 14, 1, '2026-08-08', '10:00:00', '10:40:00', 'SCHEDULED'),
    (347, 29, 14, 2, '2026-08-08', '10:50:00', '11:30:00', 'SCHEDULED'),
    (348, 30, 14, 3, '2026-08-08', '11:40:00', '12:20:00', 'SCHEDULED'),
    (349, 31, 3, 1, '2026-08-08', '10:00:00', '10:40:00', 'SCHEDULED'),
    (350, 32, 3, 2, '2026-08-08', '10:50:00', '11:30:00', 'SCHEDULED'),
    (351, 33, 3, 3, '2026-08-08', '11:40:00', '12:20:00', 'SCHEDULED'),
    (352, 10, 2, 1, '2026-08-10', '19:20:00', '20:00:00', 'SCHEDULED'),
    (353, 11, 2, 2, '2026-08-10', '20:10:00', '20:50:00', 'SCHEDULED'),
    (354, 12, 2, 3, '2026-08-10', '21:00:00', '21:40:00', 'SCHEDULED'),
    (355, 16, 11, 1, '2026-08-11', '19:20:00', '20:00:00', 'SCHEDULED'),
    (356, 17, 11, 2, '2026-08-11', '20:10:00', '20:50:00', 'SCHEDULED'),
    (357, 18, 11, 3, '2026-08-11', '21:00:00', '21:40:00', 'SCHEDULED'),
    (358, 19, 12, 1, '2026-08-12', '19:20:00', '20:00:00', 'SCHEDULED'),
    (359, 20, 12, 2, '2026-08-12', '20:10:00', '20:50:00', 'SCHEDULED'),
    (360, 21, 12, 3, '2026-08-12', '21:00:00', '21:40:00', 'SCHEDULED'),
    (361, 34, 15, 1, '2026-08-12', '19:20:00', '20:00:00', 'SCHEDULED'),
    (362, 35, 15, 2, '2026-08-12', '20:10:00', '20:50:00', 'SCHEDULED'),
    (363, 36, 15, 3, '2026-08-12', '21:00:00', '21:40:00', 'SCHEDULED'),
    (364, 22, 13, 1, '2026-08-13', '19:20:00', '20:00:00', 'SCHEDULED'),
    (365, 23, 13, 2, '2026-08-13', '20:10:00', '20:50:00', 'SCHEDULED'),
    (366, 24, 13, 3, '2026-08-13', '21:00:00', '21:40:00', 'SCHEDULED'),
    (367, 25, 8, 1, '2026-08-13', '19:20:00', '20:00:00', 'SCHEDULED'),
    (368, 26, 8, 2, '2026-08-13', '20:10:00', '20:50:00', 'SCHEDULED'),
    (369, 27, 8, 3, '2026-08-13', '21:00:00', '21:40:00', 'SCHEDULED'),
    (370, 13, 6, 1, '2026-08-14', '19:20:00', '20:00:00', 'SCHEDULED'),
    (371, 14, 6, 2, '2026-08-14', '20:10:00', '20:50:00', 'SCHEDULED'),
    (372, 15, 6, 3, '2026-08-14', '21:00:00', '21:40:00', 'SCHEDULED'),
    (373, 28, 14, 1, '2026-08-15', '10:00:00', '10:40:00', 'SCHEDULED'),
    (374, 29, 14, 2, '2026-08-15', '10:50:00', '11:30:00', 'SCHEDULED'),
    (375, 30, 14, 3, '2026-08-15', '11:40:00', '12:20:00', 'SCHEDULED'),
    (376, 31, 3, 1, '2026-08-15', '10:00:00', '10:40:00', 'SCHEDULED'),
    (377, 32, 3, 2, '2026-08-15', '10:50:00', '11:30:00', 'SCHEDULED'),
    (378, 33, 3, 3, '2026-08-15', '11:40:00', '12:20:00', 'SCHEDULED'),
    (379, 10, 2, 1, '2026-08-17', '19:20:00', '20:00:00', 'SCHEDULED'),
    (380, 11, 2, 2, '2026-08-17', '20:10:00', '20:50:00', 'SCHEDULED'),
    (381, 12, 2, 3, '2026-08-17', '21:00:00', '21:40:00', 'SCHEDULED'),
    (382, 16, 11, 1, '2026-08-18', '19:20:00', '20:00:00', 'SCHEDULED'),
    (383, 17, 11, 2, '2026-08-18', '20:10:00', '20:50:00', 'SCHEDULED'),
    (384, 18, 11, 3, '2026-08-18', '21:00:00', '21:40:00', 'SCHEDULED'),
    (385, 19, 12, 1, '2026-08-19', '19:20:00', '20:00:00', 'SCHEDULED'),
    (386, 20, 12, 2, '2026-08-19', '20:10:00', '20:50:00', 'SCHEDULED'),
    (387, 21, 12, 3, '2026-08-19', '21:00:00', '21:40:00', 'SCHEDULED'),
    (388, 34, 15, 1, '2026-08-19', '19:20:00', '20:00:00', 'SCHEDULED'),
    (389, 35, 15, 2, '2026-08-19', '20:10:00', '20:50:00', 'SCHEDULED'),
    (390, 36, 15, 3, '2026-08-19', '21:00:00', '21:40:00', 'SCHEDULED'),
    (391, 22, 13, 1, '2026-08-20', '19:20:00', '20:00:00', 'SCHEDULED'),
    (392, 23, 13, 2, '2026-08-20', '20:10:00', '20:50:00', 'SCHEDULED'),
    (393, 24, 13, 3, '2026-08-20', '21:00:00', '21:40:00', 'SCHEDULED'),
    (394, 25, 8, 1, '2026-08-20', '19:20:00', '20:00:00', 'SCHEDULED'),
    (395, 26, 8, 2, '2026-08-20', '20:10:00', '20:50:00', 'SCHEDULED'),
    (396, 27, 8, 3, '2026-08-20', '21:00:00', '21:40:00', 'SCHEDULED'),
    (397, 13, 6, 1, '2026-08-21', '19:20:00', '20:00:00', 'SCHEDULED'),
    (398, 14, 6, 2, '2026-08-21', '20:10:00', '20:50:00', 'SCHEDULED'),
    (399, 15, 6, 3, '2026-08-21', '21:00:00', '21:40:00', 'SCHEDULED'),
    (400, 28, 14, 1, '2026-08-22', '10:00:00', '10:40:00', 'SCHEDULED'),
    (401, 29, 14, 2, '2026-08-22', '10:50:00', '11:30:00', 'SCHEDULED'),
    (402, 30, 14, 3, '2026-08-22', '11:40:00', '12:20:00', 'SCHEDULED'),
    (403, 31, 3, 1, '2026-08-22', '10:00:00', '10:40:00', 'SCHEDULED'),
    (404, 32, 3, 2, '2026-08-22', '10:50:00', '11:30:00', 'SCHEDULED'),
    (405, 33, 3, 3, '2026-08-22', '11:40:00', '12:20:00', 'SCHEDULED'),
    (406, 10, 2, 1, '2026-08-24', '19:20:00', '20:00:00', 'SCHEDULED'),
    (407, 11, 2, 2, '2026-08-24', '20:10:00', '20:50:00', 'SCHEDULED'),
    (408, 12, 2, 3, '2026-08-24', '21:00:00', '21:40:00', 'SCHEDULED'),
    (409, 16, 11, 1, '2026-08-25', '19:20:00', '20:00:00', 'SCHEDULED'),
    (410, 17, 11, 2, '2026-08-25', '20:10:00', '20:50:00', 'SCHEDULED'),
    (411, 18, 11, 3, '2026-08-25', '21:00:00', '21:40:00', 'SCHEDULED'),
    (412, 19, 12, 1, '2026-08-26', '19:20:00', '20:00:00', 'SCHEDULED'),
    (413, 20, 12, 2, '2026-08-26', '20:10:00', '20:50:00', 'SCHEDULED'),
    (414, 21, 12, 3, '2026-08-26', '21:00:00', '21:40:00', 'SCHEDULED'),
    (415, 34, 15, 1, '2026-08-26', '19:20:00', '20:00:00', 'SCHEDULED'),
    (416, 35, 15, 2, '2026-08-26', '20:10:00', '20:50:00', 'SCHEDULED'),
    (417, 36, 15, 3, '2026-08-26', '21:00:00', '21:40:00', 'SCHEDULED'),
    (418, 22, 13, 1, '2026-08-27', '19:20:00', '20:00:00', 'SCHEDULED'),
    (419, 23, 13, 2, '2026-08-27', '20:10:00', '20:50:00', 'SCHEDULED'),
    (420, 24, 13, 3, '2026-08-27', '21:00:00', '21:40:00', 'SCHEDULED'),
    (421, 25, 8, 1, '2026-08-27', '19:20:00', '20:00:00', 'SCHEDULED'),
    (422, 26, 8, 2, '2026-08-27', '20:10:00', '20:50:00', 'SCHEDULED'),
    (423, 27, 8, 3, '2026-08-27', '21:00:00', '21:40:00', 'SCHEDULED'),
    (424, 13, 6, 1, '2026-08-28', '19:20:00', '20:00:00', 'SCHEDULED'),
    (425, 14, 6, 2, '2026-08-28', '20:10:00', '20:50:00', 'SCHEDULED'),
    (426, 15, 6, 3, '2026-08-28', '21:00:00', '21:40:00', 'SCHEDULED'),
    (427, 28, 14, 1, '2026-08-29', '10:00:00', '10:40:00', 'SCHEDULED'),
    (428, 29, 14, 2, '2026-08-29', '10:50:00', '11:30:00', 'SCHEDULED'),
    (429, 30, 14, 3, '2026-08-29', '11:40:00', '12:20:00', 'SCHEDULED'),
    (430, 31, 3, 1, '2026-08-29', '10:00:00', '10:40:00', 'SCHEDULED'),
    (431, 32, 3, 2, '2026-08-29', '10:50:00', '11:30:00', 'SCHEDULED'),
    (432, 33, 3, 3, '2026-08-29', '11:40:00', '12:20:00', 'SCHEDULED'),
    (433, 10, 2, 1, '2026-08-31', '19:20:00', '20:00:00', 'SCHEDULED'),
    (434, 11, 2, 2, '2026-08-31', '20:10:00', '20:50:00', 'SCHEDULED'),
    (435, 12, 2, 3, '2026-08-31', '21:00:00', '21:40:00', 'SCHEDULED'),
    (436, 16, 11, 1, '2026-09-01', '19:20:00', '20:00:00', 'SCHEDULED'),
    (437, 17, 11, 2, '2026-09-01', '20:10:00', '20:50:00', 'SCHEDULED'),
    (438, 18, 11, 3, '2026-09-01', '21:00:00', '21:40:00', 'SCHEDULED'),
    (439, 19, 12, 1, '2026-09-02', '19:20:00', '20:00:00', 'SCHEDULED'),
    (440, 20, 12, 2, '2026-09-02', '20:10:00', '20:50:00', 'SCHEDULED'),
    (441, 21, 12, 3, '2026-09-02', '21:00:00', '21:40:00', 'SCHEDULED'),
    (442, 34, 15, 1, '2026-09-02', '19:20:00', '20:00:00', 'SCHEDULED'),
    (443, 35, 15, 2, '2026-09-02', '20:10:00', '20:50:00', 'SCHEDULED'),
    (444, 36, 15, 3, '2026-09-02', '21:00:00', '21:40:00', 'SCHEDULED'),
    (445, 22, 13, 1, '2026-09-03', '19:20:00', '20:00:00', 'SCHEDULED'),
    (446, 23, 13, 2, '2026-09-03', '20:10:00', '20:50:00', 'SCHEDULED'),
    (447, 24, 13, 3, '2026-09-03', '21:00:00', '21:40:00', 'SCHEDULED'),
    (448, 25, 8, 1, '2026-09-03', '19:20:00', '20:00:00', 'SCHEDULED'),
    (449, 26, 8, 2, '2026-09-03', '20:10:00', '20:50:00', 'SCHEDULED'),
    (450, 27, 8, 3, '2026-09-03', '21:00:00', '21:40:00', 'SCHEDULED'),
    (451, 13, 6, 1, '2026-09-04', '19:20:00', '20:00:00', 'SCHEDULED'),
    (452, 14, 6, 2, '2026-09-04', '20:10:00', '20:50:00', 'SCHEDULED'),
    (453, 15, 6, 3, '2026-09-04', '21:00:00', '21:40:00', 'SCHEDULED'),
    (454, 28, 14, 1, '2026-09-05', '10:00:00', '10:40:00', 'SCHEDULED'),
    (455, 29, 14, 2, '2026-09-05', '10:50:00', '11:30:00', 'SCHEDULED'),
    (456, 30, 14, 3, '2026-09-05', '11:40:00', '12:20:00', 'SCHEDULED'),
    (457, 31, 3, 1, '2026-09-05', '10:00:00', '10:40:00', 'SCHEDULED'),
    (458, 32, 3, 2, '2026-09-05', '10:50:00', '11:30:00', 'SCHEDULED'),
    (459, 33, 3, 3, '2026-09-05', '11:40:00', '12:20:00', 'SCHEDULED'),
    (460, 10, 2, 1, '2026-09-07', '19:20:00', '20:00:00', 'SCHEDULED'),
    (461, 11, 2, 2, '2026-09-07', '20:10:00', '20:50:00', 'SCHEDULED'),
    (462, 12, 2, 3, '2026-09-07', '21:00:00', '21:40:00', 'SCHEDULED'),
    (463, 16, 11, 1, '2026-09-08', '19:20:00', '20:00:00', 'SCHEDULED'),
    (464, 17, 11, 2, '2026-09-08', '20:10:00', '20:50:00', 'SCHEDULED'),
    (465, 18, 11, 3, '2026-09-08', '21:00:00', '21:40:00', 'SCHEDULED'),
    (466, 19, 12, 1, '2026-09-09', '19:20:00', '20:00:00', 'SCHEDULED'),
    (467, 20, 12, 2, '2026-09-09', '20:10:00', '20:50:00', 'SCHEDULED'),
    (468, 21, 12, 3, '2026-09-09', '21:00:00', '21:40:00', 'SCHEDULED'),
    (469, 34, 15, 1, '2026-09-09', '19:20:00', '20:00:00', 'SCHEDULED'),
    (470, 35, 15, 2, '2026-09-09', '20:10:00', '20:50:00', 'SCHEDULED'),
    (471, 36, 15, 3, '2026-09-09', '21:00:00', '21:40:00', 'SCHEDULED'),
    (472, 22, 13, 1, '2026-09-10', '19:20:00', '20:00:00', 'SCHEDULED'),
    (473, 23, 13, 2, '2026-09-10', '20:10:00', '20:50:00', 'SCHEDULED'),
    (474, 24, 13, 3, '2026-09-10', '21:00:00', '21:40:00', 'SCHEDULED'),
    (475, 25, 8, 1, '2026-09-10', '19:20:00', '20:00:00', 'SCHEDULED'),
    (476, 26, 8, 2, '2026-09-10', '20:10:00', '20:50:00', 'SCHEDULED'),
    (477, 27, 8, 3, '2026-09-10', '21:00:00', '21:40:00', 'SCHEDULED'),
    (478, 13, 6, 1, '2026-09-11', '19:20:00', '20:00:00', 'SCHEDULED'),
    (479, 14, 6, 2, '2026-09-11', '20:10:00', '20:50:00', 'SCHEDULED'),
    (480, 15, 6, 3, '2026-09-11', '21:00:00', '21:40:00', 'SCHEDULED'),
    (481, 28, 14, 1, '2026-09-12', '10:00:00', '10:40:00', 'SCHEDULED'),
    (482, 29, 14, 2, '2026-09-12', '10:50:00', '11:30:00', 'SCHEDULED'),
    (483, 30, 14, 3, '2026-09-12', '11:40:00', '12:20:00', 'SCHEDULED'),
    (484, 31, 3, 1, '2026-09-12', '10:00:00', '10:40:00', 'SCHEDULED'),
    (485, 32, 3, 2, '2026-09-12', '10:50:00', '11:30:00', 'SCHEDULED'),
    (486, 33, 3, 3, '2026-09-12', '11:40:00', '12:20:00', 'SCHEDULED'),
    (487, 10, 2, 1, '2026-09-14', '19:20:00', '20:00:00', 'SCHEDULED'),
    (488, 11, 2, 2, '2026-09-14', '20:10:00', '20:50:00', 'SCHEDULED'),
    (489, 12, 2, 3, '2026-09-14', '21:00:00', '21:40:00', 'SCHEDULED'),
    (490, 16, 11, 1, '2026-09-15', '19:20:00', '20:00:00', 'SCHEDULED'),
    (491, 17, 11, 2, '2026-09-15', '20:10:00', '20:50:00', 'SCHEDULED'),
    (492, 18, 11, 3, '2026-09-15', '21:00:00', '21:40:00', 'SCHEDULED'),
    (493, 19, 12, 1, '2026-09-16', '19:20:00', '20:00:00', 'SCHEDULED'),
    (494, 20, 12, 2, '2026-09-16', '20:10:00', '20:50:00', 'SCHEDULED'),
    (495, 21, 12, 3, '2026-09-16', '21:00:00', '21:40:00', 'SCHEDULED'),
    (496, 34, 15, 1, '2026-09-16', '19:20:00', '20:00:00', 'SCHEDULED'),
    (497, 35, 15, 2, '2026-09-16', '20:10:00', '20:50:00', 'SCHEDULED'),
    (498, 36, 15, 3, '2026-09-16', '21:00:00', '21:40:00', 'SCHEDULED'),
    (499, 22, 13, 1, '2026-09-17', '19:20:00', '20:00:00', 'SCHEDULED'),
    (500, 23, 13, 2, '2026-09-17', '20:10:00', '20:50:00', 'SCHEDULED'),
    (501, 24, 13, 3, '2026-09-17', '21:00:00', '21:40:00', 'SCHEDULED'),
    (502, 25, 8, 1, '2026-09-17', '19:20:00', '20:00:00', 'SCHEDULED'),
    (503, 26, 8, 2, '2026-09-17', '20:10:00', '20:50:00', 'SCHEDULED'),
    (504, 27, 8, 3, '2026-09-17', '21:00:00', '21:40:00', 'SCHEDULED'),
    (505, 13, 6, 1, '2026-09-18', '19:20:00', '20:00:00', 'SCHEDULED'),
    (506, 14, 6, 2, '2026-09-18', '20:10:00', '20:50:00', 'SCHEDULED'),
    (507, 15, 6, 3, '2026-09-18', '21:00:00', '21:40:00', 'SCHEDULED'),
    (508, 28, 14, 1, '2026-09-19', '10:00:00', '10:40:00', 'SCHEDULED'),
    (509, 29, 14, 2, '2026-09-19', '10:50:00', '11:30:00', 'SCHEDULED'),
    (510, 30, 14, 3, '2026-09-19', '11:40:00', '12:20:00', 'SCHEDULED'),
    (511, 31, 3, 1, '2026-09-19', '10:00:00', '10:40:00', 'SCHEDULED'),
    (512, 32, 3, 2, '2026-09-19', '10:50:00', '11:30:00', 'SCHEDULED'),
    (513, 33, 3, 3, '2026-09-19', '11:40:00', '12:20:00', 'SCHEDULED'),
    (514, 10, 2, 1, '2026-09-21', '19:20:00', '20:00:00', 'SCHEDULED'),
    (515, 11, 2, 2, '2026-09-21', '20:10:00', '20:50:00', 'SCHEDULED'),
    (516, 12, 2, 3, '2026-09-21', '21:00:00', '21:40:00', 'SCHEDULED'),
    (517, 16, 11, 1, '2026-09-22', '19:20:00', '20:00:00', 'SCHEDULED'),
    (518, 17, 11, 2, '2026-09-22', '20:10:00', '20:50:00', 'SCHEDULED'),
    (519, 18, 11, 3, '2026-09-22', '21:00:00', '21:40:00', 'SCHEDULED'),
    (520, 19, 12, 1, '2026-09-23', '19:20:00', '20:00:00', 'SCHEDULED'),
    (521, 20, 12, 2, '2026-09-23', '20:10:00', '20:50:00', 'SCHEDULED'),
    (522, 21, 12, 3, '2026-09-23', '21:00:00', '21:40:00', 'SCHEDULED'),
    (523, 34, 15, 1, '2026-09-23', '19:20:00', '20:00:00', 'SCHEDULED'),
    (524, 35, 15, 2, '2026-09-23', '20:10:00', '20:50:00', 'SCHEDULED'),
    (525, 36, 15, 3, '2026-09-23', '21:00:00', '21:40:00', 'SCHEDULED'),
    (526, 22, 13, 1, '2026-09-24', '19:20:00', '20:00:00', 'SCHEDULED'),
    (527, 23, 13, 2, '2026-09-24', '20:10:00', '20:50:00', 'SCHEDULED'),
    (528, 24, 13, 3, '2026-09-24', '21:00:00', '21:40:00', 'SCHEDULED'),
    (529, 25, 8, 1, '2026-09-24', '19:20:00', '20:00:00', 'SCHEDULED'),
    (530, 26, 8, 2, '2026-09-24', '20:10:00', '20:50:00', 'SCHEDULED'),
    (531, 27, 8, 3, '2026-09-24', '21:00:00', '21:40:00', 'SCHEDULED'),
    (532, 13, 6, 1, '2026-09-25', '19:20:00', '20:00:00', 'SCHEDULED'),
    (533, 14, 6, 2, '2026-09-25', '20:10:00', '20:50:00', 'SCHEDULED'),
    (534, 15, 6, 3, '2026-09-25', '21:00:00', '21:40:00', 'SCHEDULED'),
    (535, 28, 14, 1, '2026-09-26', '10:00:00', '10:40:00', 'SCHEDULED'),
    (536, 29, 14, 2, '2026-09-26', '10:50:00', '11:30:00', 'SCHEDULED'),
    (537, 30, 14, 3, '2026-09-26', '11:40:00', '12:20:00', 'SCHEDULED'),
    (538, 31, 3, 1, '2026-09-26', '10:00:00', '10:40:00', 'SCHEDULED'),
    (539, 32, 3, 2, '2026-09-26', '10:50:00', '11:30:00', 'SCHEDULED'),
    (540, 33, 3, 3, '2026-09-26', '11:40:00', '12:20:00', 'SCHEDULED'),
    (541, 10, 2, 1, '2026-09-28', '19:20:00', '20:00:00', 'SCHEDULED'),
    (542, 11, 2, 2, '2026-09-28', '20:10:00', '20:50:00', 'SCHEDULED'),
    (543, 12, 2, 3, '2026-09-28', '21:00:00', '21:40:00', 'SCHEDULED'),
    (544, 16, 11, 1, '2026-09-29', '19:20:00', '20:00:00', 'SCHEDULED'),
    (545, 17, 11, 2, '2026-09-29', '20:10:00', '20:50:00', 'SCHEDULED'),
    (546, 18, 11, 3, '2026-09-29', '21:00:00', '21:40:00', 'SCHEDULED'),
    (547, 19, 12, 1, '2026-09-30', '19:20:00', '20:00:00', 'SCHEDULED'),
    (548, 20, 12, 2, '2026-09-30', '20:10:00', '20:50:00', 'SCHEDULED'),
    (549, 21, 12, 3, '2026-09-30', '21:00:00', '21:40:00', 'SCHEDULED'),
    (550, 34, 15, 1, '2026-09-30', '19:20:00', '20:00:00', 'SCHEDULED'),
    (551, 35, 15, 2, '2026-09-30', '20:10:00', '20:50:00', 'SCHEDULED'),
    (552, 36, 15, 3, '2026-09-30', '21:00:00', '21:40:00', 'SCHEDULED');
UPDATE lessons SET note = '1교시는 지난 시간 내용을 간단히 복습했습니다.' WHERE id = 7;
UPDATE lessons SET note = '2교시는 생활 예시를 중심으로 풀이했습니다.' WHERE id = 8;
UPDATE lessons SET note = '3교시는 다음 시간 과제를 함께 정리했습니다.' WHERE id = 9;
ALTER SEQUENCE lessons_id_seq RESTART WITH 553;

-- 10. Daily Schedules
INSERT INTO daily_schedules (
    id, classroom_id, teacher_id, lesson_date, activity_start_time, activity_end_time, status, is_deleted,
    created_at, updated_at
)
VALUES
    (14, 1, 2, '2026-02-04', '19:20:00', '21:40:00', 'SCHEDULED', FALSE, '2026-06-30 00:00:00', '2026-06-30 00:00:00'),
    (15, 2, 3, '2026-02-04', '19:20:00', '21:40:00', 'SCHEDULED', FALSE, '2026-06-30 00:00:00', '2026-06-30 00:00:00'),
    (16, 8, 3, '2026-02-07', '10:00:00', '12:20:00', 'SCHEDULED', FALSE, '2026-06-30 00:00:00', '2026-06-30 00:00:00'),
    (17, 1, 2, '2026-02-11', '19:20:00', '21:40:00', 'SCHEDULED', FALSE, '2026-06-30 00:00:00', '2026-06-30 00:00:00'),
    (18, 2, 3, '2026-02-11', '19:20:00', '21:40:00', 'SCHEDULED', FALSE, '2026-06-30 00:00:00', '2026-06-30 00:00:00'),
    (19, 8, 3, '2026-02-14', '10:00:00', '12:20:00', 'SCHEDULED', FALSE, '2026-06-30 00:00:00', '2026-06-30 00:00:00'),
    (20, 1, 2, '2026-02-18', '19:20:00', '21:40:00', 'SCHEDULED', FALSE, '2026-06-30 00:00:00', '2026-06-30 00:00:00'),
    (21, 2, 3, '2026-02-18', '19:20:00', '21:40:00', 'SCHEDULED', FALSE, '2026-06-30 00:00:00', '2026-06-30 00:00:00'),
    (22, 8, 3, '2026-02-21', '10:00:00', '12:20:00', 'SCHEDULED', FALSE, '2026-06-30 00:00:00', '2026-06-30 00:00:00'),
    (23, 1, 2, '2026-02-25', '19:20:00', '21:40:00', 'SCHEDULED', FALSE, '2026-06-30 00:00:00', '2026-06-30 00:00:00'),
    (24, 2, 3, '2026-02-25', '19:20:00', '21:40:00', 'SCHEDULED', FALSE, '2026-06-30 00:00:00', '2026-06-30 00:00:00'),
    (25, 8, 3, '2026-02-28', '10:00:00', '12:20:00', 'SCHEDULED', FALSE, '2026-06-30 00:00:00', '2026-06-30 00:00:00'),
    (26, 1, 2, '2026-03-04', '19:20:00', '21:40:00', 'SCHEDULED', FALSE, '2026-06-30 00:00:00', '2026-06-30 00:00:00'),
    (27, 2, 3, '2026-03-04', '19:20:00', '21:40:00', 'SCHEDULED', FALSE, '2026-06-30 00:00:00', '2026-06-30 00:00:00'),
    (28, 8, 3, '2026-03-07', '10:00:00', '12:20:00', 'SCHEDULED', FALSE, '2026-06-30 00:00:00', '2026-06-30 00:00:00'),
    (29, 1, 2, '2026-03-11', '19:20:00', '21:40:00', 'SCHEDULED', FALSE, '2026-06-30 00:00:00', '2026-06-30 00:00:00'),
    (30, 2, 3, '2026-03-11', '19:20:00', '21:40:00', 'SCHEDULED', FALSE, '2026-06-30 00:00:00', '2026-06-30 00:00:00'),
    (31, 8, 3, '2026-03-14', '10:00:00', '12:20:00', 'SCHEDULED', FALSE, '2026-06-30 00:00:00', '2026-06-30 00:00:00'),
    (32, 1, 2, '2026-03-18', '19:20:00', '21:40:00', 'SCHEDULED', FALSE, '2026-06-30 00:00:00', '2026-06-30 00:00:00'),
    (33, 2, 3, '2026-03-18', '19:20:00', '21:40:00', 'SCHEDULED', FALSE, '2026-06-30 00:00:00', '2026-06-30 00:00:00'),
    (34, 8, 3, '2026-03-21', '10:00:00', '12:20:00', 'SCHEDULED', FALSE, '2026-06-30 00:00:00', '2026-06-30 00:00:00'),
    (35, 1, 2, '2026-03-25', '19:20:00', '21:40:00', 'SCHEDULED', FALSE, '2026-06-30 00:00:00', '2026-06-30 00:00:00'),
    (36, 2, 3, '2026-03-25', '19:20:00', '21:40:00', 'SCHEDULED', FALSE, '2026-06-30 00:00:00', '2026-06-30 00:00:00'),
    (37, 8, 3, '2026-03-28', '10:00:00', '12:20:00', 'SCHEDULED', FALSE, '2026-06-30 00:00:00', '2026-06-30 00:00:00'),
    (38, 1, 2, '2026-04-01', '19:20:00', '21:40:00', 'SCHEDULED', FALSE, '2026-06-30 00:00:00', '2026-06-30 00:00:00'),
    (39, 2, 3, '2026-04-01', '19:20:00', '21:40:00', 'SCHEDULED', FALSE, '2026-06-30 00:00:00', '2026-06-30 00:00:00'),
    (40, 8, 3, '2026-04-04', '10:00:00', '12:20:00', 'SCHEDULED', FALSE, '2026-06-30 00:00:00', '2026-06-30 00:00:00'),
    (41, 1, 2, '2026-04-08', '19:20:00', '21:40:00', 'SCHEDULED', FALSE, '2026-06-30 00:00:00', '2026-06-30 00:00:00'),
    (42, 2, 3, '2026-04-08', '19:20:00', '21:40:00', 'SCHEDULED', FALSE, '2026-06-30 00:00:00', '2026-06-30 00:00:00'),
    (43, 8, 3, '2026-04-11', '10:00:00', '12:20:00', 'SCHEDULED', FALSE, '2026-06-30 00:00:00', '2026-06-30 00:00:00'),
    (44, 1, 2, '2026-04-15', '19:20:00', '21:40:00', 'SCHEDULED', FALSE, '2026-06-30 00:00:00', '2026-06-30 00:00:00'),
    (45, 2, 3, '2026-04-15', '19:20:00', '21:40:00', 'SCHEDULED', FALSE, '2026-06-30 00:00:00', '2026-06-30 00:00:00'),
    (46, 8, 3, '2026-04-18', '10:00:00', '12:20:00', 'SCHEDULED', FALSE, '2026-06-30 00:00:00', '2026-06-30 00:00:00'),
    (47, 1, 2, '2026-04-22', '19:20:00', '21:40:00', 'SCHEDULED', FALSE, '2026-06-30 00:00:00', '2026-06-30 00:00:00'),
    (48, 2, 3, '2026-04-22', '19:20:00', '21:40:00', 'SCHEDULED', FALSE, '2026-06-30 00:00:00', '2026-06-30 00:00:00'),
    (49, 8, 3, '2026-04-25', '10:00:00', '12:20:00', 'SCHEDULED', FALSE, '2026-06-30 00:00:00', '2026-06-30 00:00:00'),
    (50, 1, 2, '2026-04-29', '19:20:00', '21:40:00', 'SCHEDULED', FALSE, '2026-06-30 00:00:00', '2026-06-30 00:00:00'),
    (51, 2, 3, '2026-04-29', '19:20:00', '21:40:00', 'SCHEDULED', FALSE, '2026-06-30 00:00:00', '2026-06-30 00:00:00'),
    (52, 8, 3, '2026-05-02', '10:00:00', '12:20:00', 'SCHEDULED', FALSE, '2026-06-30 00:00:00', '2026-06-30 00:00:00'),
    (53, 1, 2, '2026-05-06', '19:20:00', '21:40:00', 'SCHEDULED', FALSE, '2026-06-30 00:00:00', '2026-06-30 00:00:00'),
    (54, 2, 3, '2026-05-06', '19:20:00', '21:40:00', 'SCHEDULED', FALSE, '2026-06-30 00:00:00', '2026-06-30 00:00:00'),
    (55, 8, 3, '2026-05-09', '10:00:00', '12:20:00', 'SCHEDULED', FALSE, '2026-06-30 00:00:00', '2026-06-30 00:00:00'),
    (56, 1, 2, '2026-05-13', '19:20:00', '21:40:00', 'SCHEDULED', FALSE, '2026-06-30 00:00:00', '2026-06-30 00:00:00'),
    (57, 2, 3, '2026-05-13', '19:20:00', '21:40:00', 'SCHEDULED', FALSE, '2026-06-30 00:00:00', '2026-06-30 00:00:00'),
    (58, 8, 3, '2026-05-16', '10:00:00', '12:20:00', 'SCHEDULED', FALSE, '2026-06-30 00:00:00', '2026-06-30 00:00:00'),
    (59, 1, 2, '2026-05-20', '19:20:00', '21:40:00', 'SCHEDULED', FALSE, '2026-06-30 00:00:00', '2026-06-30 00:00:00'),
    (60, 2, 3, '2026-05-20', '19:20:00', '21:40:00', 'SCHEDULED', FALSE, '2026-06-30 00:00:00', '2026-06-30 00:00:00'),
    (61, 8, 3, '2026-05-23', '10:00:00', '12:20:00', 'SCHEDULED', FALSE, '2026-06-30 00:00:00', '2026-06-30 00:00:00'),
    (62, 1, 2, '2026-05-27', '19:20:00', '21:40:00', 'SCHEDULED', FALSE, '2026-06-30 00:00:00', '2026-06-30 00:00:00'),
    (63, 2, 3, '2026-05-27', '19:20:00', '21:40:00', 'SCHEDULED', FALSE, '2026-06-30 00:00:00', '2026-06-30 00:00:00'),
    (64, 8, 3, '2026-05-30', '10:00:00', '12:20:00', 'SCHEDULED', FALSE, '2026-06-30 00:00:00', '2026-06-30 00:00:00'),
    (11, 1, 2, '2026-06-03', '19:20:00', '21:40:00', 'SCHEDULED', FALSE, '2026-06-30 00:00:00', '2026-06-30 00:00:00'),
    (12, 2, 3, '2026-06-03', '19:20:00', '21:40:00', 'SCHEDULED', FALSE, '2026-06-30 00:00:00', '2026-06-30 00:00:00'),
    (13, 8, 3, '2026-06-06', '10:00:00', '12:20:00', 'SCHEDULED', FALSE, '2026-06-30 00:00:00', '2026-06-30 00:00:00'),
    (1, 1, 2, '2026-06-10', '19:20:00', '21:40:00', 'SCHEDULED', FALSE, '2026-06-30 00:00:00', '2026-06-30 00:00:00'),
    (65, 2, 3, '2026-06-10', '19:20:00', '21:40:00', 'SCHEDULED', FALSE, '2026-06-30 00:00:00', '2026-06-30 00:00:00'),
    (66, 8, 3, '2026-06-13', '10:00:00', '12:20:00', 'SCHEDULED', FALSE, '2026-06-30 00:00:00', '2026-06-30 00:00:00'),
    (67, 1, 2, '2026-06-17', '19:20:00', '21:40:00', 'SCHEDULED', FALSE, '2026-06-30 00:00:00', '2026-06-30 00:00:00'),
    (2, 2, 3, '2026-06-17', '19:20:00', '21:40:00', 'SCHEDULED', FALSE, '2026-06-30 00:00:00', '2026-06-30 00:00:00'),
    (68, 8, 3, '2026-06-20', '10:00:00', '12:20:00', 'SCHEDULED', FALSE, '2026-06-30 00:00:00', '2026-06-30 00:00:00'),
    (3, 1, 2, '2026-06-24', '19:20:00', '21:40:00', 'SCHEDULED', FALSE, '2026-06-30 00:00:00', '2026-06-30 00:00:00'),
    (4, 2, 3, '2026-06-24', '19:20:00', '21:40:00', 'SCHEDULED', FALSE, '2026-06-30 00:00:00', '2026-06-30 00:00:00'),
    (5, 8, 3, '2026-06-27', '10:00:00', '12:20:00', 'SCHEDULED', FALSE, '2026-06-30 00:00:00', '2026-06-30 00:00:00'),
    (69, 1, 2, '2026-06-29', '19:20:00', '21:40:00', 'SCHEDULED', FALSE, '2026-06-30 00:00:00', '2026-06-30 00:00:00'),
    (70, 3, 11, '2026-06-30', '19:20:00', '21:40:00', 'SCHEDULED', FALSE, '2026-06-30 00:00:00', '2026-06-30 00:00:00'),
    (71, 4, 12, '2026-07-01', '19:20:00', '21:40:00', 'SCHEDULED', FALSE, '2026-06-30 00:00:00', '2026-06-30 00:00:00'),
    (72, 9, 15, '2026-07-01', '19:20:00', '21:40:00', 'SCHEDULED', FALSE, '2026-06-30 00:00:00', '2026-06-30 00:00:00'),
    (73, 5, 13, '2026-07-02', '19:20:00', '21:40:00', 'SCHEDULED', FALSE, '2026-06-30 00:00:00', '2026-06-30 00:00:00'),
    (74, 6, 8, '2026-07-02', '19:20:00', '21:40:00', 'SCHEDULED', FALSE, '2026-06-30 00:00:00', '2026-06-30 00:00:00'),
    (75, 2, 6, '2026-07-03', '19:20:00', '21:40:00', 'SCHEDULED', FALSE, '2026-06-30 00:00:00', '2026-06-30 00:00:00'),
    (76, 7, 14, '2026-07-04', '10:00:00', '12:20:00', 'SCHEDULED', FALSE, '2026-06-30 00:00:00', '2026-06-30 00:00:00'),
    (77, 8, 3, '2026-07-04', '10:00:00', '12:20:00', 'SCHEDULED', FALSE, '2026-06-30 00:00:00', '2026-06-30 00:00:00'),
    (78, 1, 2, '2026-07-06', '19:20:00', '21:40:00', 'SCHEDULED', FALSE, '2026-06-30 00:00:00', '2026-06-30 00:00:00'),
    (79, 3, 11, '2026-07-07', '19:20:00', '21:40:00', 'SCHEDULED', FALSE, '2026-06-30 00:00:00', '2026-06-30 00:00:00'),
    (80, 4, 12, '2026-07-08', '19:20:00', '21:40:00', 'SCHEDULED', FALSE, '2026-06-30 00:00:00', '2026-06-30 00:00:00'),
    (81, 9, 15, '2026-07-08', '19:20:00', '21:40:00', 'SCHEDULED', FALSE, '2026-06-30 00:00:00', '2026-06-30 00:00:00'),
    (82, 5, 13, '2026-07-09', '19:20:00', '21:40:00', 'SCHEDULED', FALSE, '2026-06-30 00:00:00', '2026-06-30 00:00:00'),
    (83, 6, 8, '2026-07-09', '19:20:00', '21:40:00', 'SCHEDULED', FALSE, '2026-06-30 00:00:00', '2026-06-30 00:00:00'),
    (84, 2, 6, '2026-07-10', '19:20:00', '21:40:00', 'SCHEDULED', FALSE, '2026-06-30 00:00:00', '2026-06-30 00:00:00'),
    (85, 7, 14, '2026-07-11', '10:00:00', '12:20:00', 'SCHEDULED', FALSE, '2026-06-30 00:00:00', '2026-06-30 00:00:00'),
    (86, 8, 3, '2026-07-11', '10:00:00', '12:20:00', 'SCHEDULED', FALSE, '2026-06-30 00:00:00', '2026-06-30 00:00:00'),
    (87, 1, 2, '2026-07-13', '19:20:00', '21:40:00', 'SCHEDULED', FALSE, '2026-06-30 00:00:00', '2026-06-30 00:00:00'),
    (88, 3, 11, '2026-07-14', '19:20:00', '21:40:00', 'SCHEDULED', FALSE, '2026-06-30 00:00:00', '2026-06-30 00:00:00'),
    (89, 4, 12, '2026-07-15', '19:20:00', '21:40:00', 'SCHEDULED', FALSE, '2026-06-30 00:00:00', '2026-06-30 00:00:00'),
    (90, 9, 15, '2026-07-15', '19:20:00', '21:40:00', 'SCHEDULED', FALSE, '2026-06-30 00:00:00', '2026-06-30 00:00:00'),
    (91, 5, 13, '2026-07-16', '19:20:00', '21:40:00', 'SCHEDULED', FALSE, '2026-06-30 00:00:00', '2026-06-30 00:00:00'),
    (92, 6, 8, '2026-07-16', '19:20:00', '21:40:00', 'SCHEDULED', FALSE, '2026-06-30 00:00:00', '2026-06-30 00:00:00'),
    (93, 2, 6, '2026-07-17', '19:20:00', '21:40:00', 'SCHEDULED', FALSE, '2026-06-30 00:00:00', '2026-06-30 00:00:00'),
    (94, 7, 14, '2026-07-18', '10:00:00', '12:20:00', 'SCHEDULED', FALSE, '2026-06-30 00:00:00', '2026-06-30 00:00:00'),
    (95, 8, 3, '2026-07-18', '10:00:00', '12:20:00', 'SCHEDULED', FALSE, '2026-06-30 00:00:00', '2026-06-30 00:00:00'),
    (96, 1, 2, '2026-07-20', '19:20:00', '21:40:00', 'SCHEDULED', FALSE, '2026-06-30 00:00:00', '2026-06-30 00:00:00'),
    (97, 3, 11, '2026-07-21', '19:20:00', '21:40:00', 'SCHEDULED', FALSE, '2026-06-30 00:00:00', '2026-06-30 00:00:00'),
    (98, 4, 12, '2026-07-22', '19:20:00', '21:40:00', 'SCHEDULED', FALSE, '2026-06-30 00:00:00', '2026-06-30 00:00:00'),
    (99, 9, 15, '2026-07-22', '19:20:00', '21:40:00', 'SCHEDULED', FALSE, '2026-06-30 00:00:00', '2026-06-30 00:00:00'),
    (100, 5, 13, '2026-07-23', '19:20:00', '21:40:00', 'SCHEDULED', FALSE, '2026-06-30 00:00:00', '2026-06-30 00:00:00'),
    (101, 6, 8, '2026-07-23', '19:20:00', '21:40:00', 'SCHEDULED', FALSE, '2026-06-30 00:00:00', '2026-06-30 00:00:00'),
    (102, 2, 6, '2026-07-24', '19:20:00', '21:40:00', 'SCHEDULED', FALSE, '2026-06-30 00:00:00', '2026-06-30 00:00:00'),
    (103, 7, 14, '2026-07-25', '10:00:00', '12:20:00', 'SCHEDULED', FALSE, '2026-06-30 00:00:00', '2026-06-30 00:00:00'),
    (104, 8, 3, '2026-07-25', '10:00:00', '12:20:00', 'SCHEDULED', FALSE, '2026-06-30 00:00:00', '2026-06-30 00:00:00'),
    (105, 1, 2, '2026-07-27', '19:20:00', '21:40:00', 'SCHEDULED', FALSE, '2026-06-30 00:00:00', '2026-06-30 00:00:00'),
    (106, 3, 11, '2026-07-28', '19:20:00', '21:40:00', 'SCHEDULED', FALSE, '2026-06-30 00:00:00', '2026-06-30 00:00:00'),
    (107, 4, 12, '2026-07-29', '19:20:00', '21:40:00', 'SCHEDULED', FALSE, '2026-06-30 00:00:00', '2026-06-30 00:00:00'),
    (108, 9, 15, '2026-07-29', '19:20:00', '21:40:00', 'SCHEDULED', FALSE, '2026-06-30 00:00:00', '2026-06-30 00:00:00'),
    (109, 5, 13, '2026-07-30', '19:20:00', '21:40:00', 'SCHEDULED', FALSE, '2026-06-30 00:00:00', '2026-06-30 00:00:00'),
    (110, 6, 8, '2026-07-30', '19:20:00', '21:40:00', 'SCHEDULED', FALSE, '2026-06-30 00:00:00', '2026-06-30 00:00:00'),
    (111, 2, 6, '2026-07-31', '19:20:00', '21:40:00', 'SCHEDULED', FALSE, '2026-06-30 00:00:00', '2026-06-30 00:00:00'),
    (112, 7, 14, '2026-08-01', '10:00:00', '12:20:00', 'SCHEDULED', FALSE, '2026-06-30 00:00:00', '2026-06-30 00:00:00'),
    (113, 8, 3, '2026-08-01', '10:00:00', '12:20:00', 'SCHEDULED', FALSE, '2026-06-30 00:00:00', '2026-06-30 00:00:00'),
    (114, 1, 2, '2026-08-03', '19:20:00', '21:40:00', 'SCHEDULED', FALSE, '2026-06-30 00:00:00', '2026-06-30 00:00:00'),
    (115, 3, 11, '2026-08-04', '19:20:00', '21:40:00', 'SCHEDULED', FALSE, '2026-06-30 00:00:00', '2026-06-30 00:00:00'),
    (116, 4, 12, '2026-08-05', '19:20:00', '21:40:00', 'SCHEDULED', FALSE, '2026-06-30 00:00:00', '2026-06-30 00:00:00'),
    (117, 9, 15, '2026-08-05', '19:20:00', '21:40:00', 'SCHEDULED', FALSE, '2026-06-30 00:00:00', '2026-06-30 00:00:00'),
    (118, 5, 13, '2026-08-06', '19:20:00', '21:40:00', 'SCHEDULED', FALSE, '2026-06-30 00:00:00', '2026-06-30 00:00:00'),
    (119, 6, 8, '2026-08-06', '19:20:00', '21:40:00', 'SCHEDULED', FALSE, '2026-06-30 00:00:00', '2026-06-30 00:00:00'),
    (120, 2, 6, '2026-08-07', '19:20:00', '21:40:00', 'SCHEDULED', FALSE, '2026-06-30 00:00:00', '2026-06-30 00:00:00'),
    (121, 7, 14, '2026-08-08', '10:00:00', '12:20:00', 'SCHEDULED', FALSE, '2026-06-30 00:00:00', '2026-06-30 00:00:00'),
    (122, 8, 3, '2026-08-08', '10:00:00', '12:20:00', 'SCHEDULED', FALSE, '2026-06-30 00:00:00', '2026-06-30 00:00:00'),
    (123, 1, 2, '2026-08-10', '19:20:00', '21:40:00', 'SCHEDULED', FALSE, '2026-06-30 00:00:00', '2026-06-30 00:00:00'),
    (124, 3, 11, '2026-08-11', '19:20:00', '21:40:00', 'SCHEDULED', FALSE, '2026-06-30 00:00:00', '2026-06-30 00:00:00'),
    (125, 4, 12, '2026-08-12', '19:20:00', '21:40:00', 'SCHEDULED', FALSE, '2026-06-30 00:00:00', '2026-06-30 00:00:00'),
    (126, 9, 15, '2026-08-12', '19:20:00', '21:40:00', 'SCHEDULED', FALSE, '2026-06-30 00:00:00', '2026-06-30 00:00:00'),
    (127, 5, 13, '2026-08-13', '19:20:00', '21:40:00', 'SCHEDULED', FALSE, '2026-06-30 00:00:00', '2026-06-30 00:00:00'),
    (128, 6, 8, '2026-08-13', '19:20:00', '21:40:00', 'SCHEDULED', FALSE, '2026-06-30 00:00:00', '2026-06-30 00:00:00'),
    (129, 2, 6, '2026-08-14', '19:20:00', '21:40:00', 'SCHEDULED', FALSE, '2026-06-30 00:00:00', '2026-06-30 00:00:00'),
    (130, 7, 14, '2026-08-15', '10:00:00', '12:20:00', 'SCHEDULED', FALSE, '2026-06-30 00:00:00', '2026-06-30 00:00:00'),
    (131, 8, 3, '2026-08-15', '10:00:00', '12:20:00', 'SCHEDULED', FALSE, '2026-06-30 00:00:00', '2026-06-30 00:00:00'),
    (132, 1, 2, '2026-08-17', '19:20:00', '21:40:00', 'SCHEDULED', FALSE, '2026-06-30 00:00:00', '2026-06-30 00:00:00'),
    (133, 3, 11, '2026-08-18', '19:20:00', '21:40:00', 'SCHEDULED', FALSE, '2026-06-30 00:00:00', '2026-06-30 00:00:00'),
    (134, 4, 12, '2026-08-19', '19:20:00', '21:40:00', 'SCHEDULED', FALSE, '2026-06-30 00:00:00', '2026-06-30 00:00:00'),
    (135, 9, 15, '2026-08-19', '19:20:00', '21:40:00', 'SCHEDULED', FALSE, '2026-06-30 00:00:00', '2026-06-30 00:00:00'),
    (136, 5, 13, '2026-08-20', '19:20:00', '21:40:00', 'SCHEDULED', FALSE, '2026-06-30 00:00:00', '2026-06-30 00:00:00'),
    (137, 6, 8, '2026-08-20', '19:20:00', '21:40:00', 'SCHEDULED', FALSE, '2026-06-30 00:00:00', '2026-06-30 00:00:00'),
    (138, 2, 6, '2026-08-21', '19:20:00', '21:40:00', 'SCHEDULED', FALSE, '2026-06-30 00:00:00', '2026-06-30 00:00:00'),
    (139, 7, 14, '2026-08-22', '10:00:00', '12:20:00', 'SCHEDULED', FALSE, '2026-06-30 00:00:00', '2026-06-30 00:00:00'),
    (140, 8, 3, '2026-08-22', '10:00:00', '12:20:00', 'SCHEDULED', FALSE, '2026-06-30 00:00:00', '2026-06-30 00:00:00'),
    (141, 1, 2, '2026-08-24', '19:20:00', '21:40:00', 'SCHEDULED', FALSE, '2026-06-30 00:00:00', '2026-06-30 00:00:00'),
    (142, 3, 11, '2026-08-25', '19:20:00', '21:40:00', 'SCHEDULED', FALSE, '2026-06-30 00:00:00', '2026-06-30 00:00:00'),
    (143, 4, 12, '2026-08-26', '19:20:00', '21:40:00', 'SCHEDULED', FALSE, '2026-06-30 00:00:00', '2026-06-30 00:00:00'),
    (144, 9, 15, '2026-08-26', '19:20:00', '21:40:00', 'SCHEDULED', FALSE, '2026-06-30 00:00:00', '2026-06-30 00:00:00'),
    (145, 5, 13, '2026-08-27', '19:20:00', '21:40:00', 'SCHEDULED', FALSE, '2026-06-30 00:00:00', '2026-06-30 00:00:00'),
    (146, 6, 8, '2026-08-27', '19:20:00', '21:40:00', 'SCHEDULED', FALSE, '2026-06-30 00:00:00', '2026-06-30 00:00:00'),
    (147, 2, 6, '2026-08-28', '19:20:00', '21:40:00', 'SCHEDULED', FALSE, '2026-06-30 00:00:00', '2026-06-30 00:00:00'),
    (148, 7, 14, '2026-08-29', '10:00:00', '12:20:00', 'SCHEDULED', FALSE, '2026-06-30 00:00:00', '2026-06-30 00:00:00'),
    (149, 8, 3, '2026-08-29', '10:00:00', '12:20:00', 'SCHEDULED', FALSE, '2026-06-30 00:00:00', '2026-06-30 00:00:00'),
    (150, 1, 2, '2026-08-31', '19:20:00', '21:40:00', 'SCHEDULED', FALSE, '2026-06-30 00:00:00', '2026-06-30 00:00:00'),
    (151, 3, 11, '2026-09-01', '19:20:00', '21:40:00', 'SCHEDULED', FALSE, '2026-06-30 00:00:00', '2026-06-30 00:00:00'),
    (152, 4, 12, '2026-09-02', '19:20:00', '21:40:00', 'SCHEDULED', FALSE, '2026-06-30 00:00:00', '2026-06-30 00:00:00'),
    (153, 9, 15, '2026-09-02', '19:20:00', '21:40:00', 'SCHEDULED', FALSE, '2026-06-30 00:00:00', '2026-06-30 00:00:00'),
    (154, 5, 13, '2026-09-03', '19:20:00', '21:40:00', 'SCHEDULED', FALSE, '2026-06-30 00:00:00', '2026-06-30 00:00:00'),
    (155, 6, 8, '2026-09-03', '19:20:00', '21:40:00', 'SCHEDULED', FALSE, '2026-06-30 00:00:00', '2026-06-30 00:00:00'),
    (156, 2, 6, '2026-09-04', '19:20:00', '21:40:00', 'SCHEDULED', FALSE, '2026-06-30 00:00:00', '2026-06-30 00:00:00'),
    (157, 7, 14, '2026-09-05', '10:00:00', '12:20:00', 'SCHEDULED', FALSE, '2026-06-30 00:00:00', '2026-06-30 00:00:00'),
    (158, 8, 3, '2026-09-05', '10:00:00', '12:20:00', 'SCHEDULED', FALSE, '2026-06-30 00:00:00', '2026-06-30 00:00:00'),
    (159, 1, 2, '2026-09-07', '19:20:00', '21:40:00', 'SCHEDULED', FALSE, '2026-06-30 00:00:00', '2026-06-30 00:00:00'),
    (160, 3, 11, '2026-09-08', '19:20:00', '21:40:00', 'SCHEDULED', FALSE, '2026-06-30 00:00:00', '2026-06-30 00:00:00'),
    (161, 4, 12, '2026-09-09', '19:20:00', '21:40:00', 'SCHEDULED', FALSE, '2026-06-30 00:00:00', '2026-06-30 00:00:00'),
    (162, 9, 15, '2026-09-09', '19:20:00', '21:40:00', 'SCHEDULED', FALSE, '2026-06-30 00:00:00', '2026-06-30 00:00:00'),
    (163, 5, 13, '2026-09-10', '19:20:00', '21:40:00', 'SCHEDULED', FALSE, '2026-06-30 00:00:00', '2026-06-30 00:00:00'),
    (164, 6, 8, '2026-09-10', '19:20:00', '21:40:00', 'SCHEDULED', FALSE, '2026-06-30 00:00:00', '2026-06-30 00:00:00'),
    (165, 2, 6, '2026-09-11', '19:20:00', '21:40:00', 'SCHEDULED', FALSE, '2026-06-30 00:00:00', '2026-06-30 00:00:00'),
    (166, 7, 14, '2026-09-12', '10:00:00', '12:20:00', 'SCHEDULED', FALSE, '2026-06-30 00:00:00', '2026-06-30 00:00:00'),
    (167, 8, 3, '2026-09-12', '10:00:00', '12:20:00', 'SCHEDULED', FALSE, '2026-06-30 00:00:00', '2026-06-30 00:00:00'),
    (168, 1, 2, '2026-09-14', '19:20:00', '21:40:00', 'SCHEDULED', FALSE, '2026-06-30 00:00:00', '2026-06-30 00:00:00'),
    (169, 3, 11, '2026-09-15', '19:20:00', '21:40:00', 'SCHEDULED', FALSE, '2026-06-30 00:00:00', '2026-06-30 00:00:00'),
    (170, 4, 12, '2026-09-16', '19:20:00', '21:40:00', 'SCHEDULED', FALSE, '2026-06-30 00:00:00', '2026-06-30 00:00:00'),
    (171, 9, 15, '2026-09-16', '19:20:00', '21:40:00', 'SCHEDULED', FALSE, '2026-06-30 00:00:00', '2026-06-30 00:00:00'),
    (172, 5, 13, '2026-09-17', '19:20:00', '21:40:00', 'SCHEDULED', FALSE, '2026-06-30 00:00:00', '2026-06-30 00:00:00'),
    (173, 6, 8, '2026-09-17', '19:20:00', '21:40:00', 'SCHEDULED', FALSE, '2026-06-30 00:00:00', '2026-06-30 00:00:00'),
    (174, 2, 6, '2026-09-18', '19:20:00', '21:40:00', 'SCHEDULED', FALSE, '2026-06-30 00:00:00', '2026-06-30 00:00:00'),
    (175, 7, 14, '2026-09-19', '10:00:00', '12:20:00', 'SCHEDULED', FALSE, '2026-06-30 00:00:00', '2026-06-30 00:00:00'),
    (176, 8, 3, '2026-09-19', '10:00:00', '12:20:00', 'SCHEDULED', FALSE, '2026-06-30 00:00:00', '2026-06-30 00:00:00'),
    (177, 1, 2, '2026-09-21', '19:20:00', '21:40:00', 'SCHEDULED', FALSE, '2026-06-30 00:00:00', '2026-06-30 00:00:00'),
    (178, 3, 11, '2026-09-22', '19:20:00', '21:40:00', 'SCHEDULED', FALSE, '2026-06-30 00:00:00', '2026-06-30 00:00:00'),
    (179, 4, 12, '2026-09-23', '19:20:00', '21:40:00', 'SCHEDULED', FALSE, '2026-06-30 00:00:00', '2026-06-30 00:00:00'),
    (180, 9, 15, '2026-09-23', '19:20:00', '21:40:00', 'SCHEDULED', FALSE, '2026-06-30 00:00:00', '2026-06-30 00:00:00'),
    (181, 5, 13, '2026-09-24', '19:20:00', '21:40:00', 'SCHEDULED', FALSE, '2026-06-30 00:00:00', '2026-06-30 00:00:00'),
    (182, 6, 8, '2026-09-24', '19:20:00', '21:40:00', 'SCHEDULED', FALSE, '2026-06-30 00:00:00', '2026-06-30 00:00:00'),
    (183, 2, 6, '2026-09-25', '19:20:00', '21:40:00', 'SCHEDULED', FALSE, '2026-06-30 00:00:00', '2026-06-30 00:00:00'),
    (184, 7, 14, '2026-09-26', '10:00:00', '12:20:00', 'SCHEDULED', FALSE, '2026-06-30 00:00:00', '2026-06-30 00:00:00'),
    (185, 8, 3, '2026-09-26', '10:00:00', '12:20:00', 'SCHEDULED', FALSE, '2026-06-30 00:00:00', '2026-06-30 00:00:00'),
    (186, 1, 2, '2026-09-28', '19:20:00', '21:40:00', 'SCHEDULED', FALSE, '2026-06-30 00:00:00', '2026-06-30 00:00:00'),
    (187, 3, 11, '2026-09-29', '19:20:00', '21:40:00', 'SCHEDULED', FALSE, '2026-06-30 00:00:00', '2026-06-30 00:00:00'),
    (188, 4, 12, '2026-09-30', '19:20:00', '21:40:00', 'SCHEDULED', FALSE, '2026-06-30 00:00:00', '2026-06-30 00:00:00'),
    (189, 9, 15, '2026-09-30', '19:20:00', '21:40:00', 'SCHEDULED', FALSE, '2026-06-30 00:00:00', '2026-06-30 00:00:00');
ALTER SEQUENCE daily_schedules_id_seq RESTART WITH 190;

-- 10-1. Daily Teacher Attendances
INSERT INTO daily_teacher_attendances (
    id, daily_schedule_id, status, volunteer_service_minutes, attended_at, latitude, longitude, is_deleted,
    created_at, updated_at
)
VALUES
    (1, 1, 'ABSENT', 90, NULL, NULL, NULL, FALSE, '2026-06-30 00:00:00', '2026-06-30 00:00:00'),
    (2, 2, 'ABSENT', 90, NULL, NULL, NULL, FALSE, '2026-06-30 00:00:00', '2026-06-30 00:00:00'),
    (3, 3, 'ABSENT', 90, NULL, NULL, NULL, FALSE, '2026-06-30 00:00:00', '2026-06-30 00:00:00'),
    (4, 4, 'EXCUSED', 90, NULL, NULL, NULL, FALSE, '2026-06-30 00:00:00', '2026-06-30 00:00:00'),
    (5, 5, 'ABSENT', 90, NULL, NULL, NULL, FALSE, '2026-06-30 00:00:00', '2026-06-30 00:00:00'),
    (6, 11, 'ABSENT', 90, NULL, NULL, NULL, FALSE, '2026-06-30 00:00:00', '2026-06-30 00:00:00'),
    (7, 12, 'ABSENT', 90, NULL, NULL, NULL, FALSE, '2026-06-30 00:00:00', '2026-06-30 00:00:00'),
    (8, 13, 'ABSENT', 90, NULL, NULL, NULL, FALSE, '2026-06-30 00:00:00', '2026-06-30 00:00:00'),
    (9, 14, 'ABSENT', 90, NULL, NULL, NULL, FALSE, '2026-06-30 00:00:00', '2026-06-30 00:00:00'),
    (10, 15, 'ABSENT', 90, NULL, NULL, NULL, FALSE, '2026-06-30 00:00:00', '2026-06-30 00:00:00'),
    (11, 16, 'ABSENT', 90, NULL, NULL, NULL, FALSE, '2026-06-30 00:00:00', '2026-06-30 00:00:00'),
    (12, 17, 'ABSENT', 90, NULL, NULL, NULL, FALSE, '2026-06-30 00:00:00', '2026-06-30 00:00:00'),
    (13, 18, 'ABSENT', 90, NULL, NULL, NULL, FALSE, '2026-06-30 00:00:00', '2026-06-30 00:00:00'),
    (14, 19, 'ABSENT', 90, NULL, NULL, NULL, FALSE, '2026-06-30 00:00:00', '2026-06-30 00:00:00'),
    (15, 20, 'ABSENT', 90, NULL, NULL, NULL, FALSE, '2026-06-30 00:00:00', '2026-06-30 00:00:00'),
    (16, 21, 'ABSENT', 90, NULL, NULL, NULL, FALSE, '2026-06-30 00:00:00', '2026-06-30 00:00:00'),
    (17, 22, 'ABSENT', 90, NULL, NULL, NULL, FALSE, '2026-06-30 00:00:00', '2026-06-30 00:00:00'),
    (18, 23, 'ABSENT', 90, NULL, NULL, NULL, FALSE, '2026-06-30 00:00:00', '2026-06-30 00:00:00'),
    (19, 24, 'ABSENT', 90, NULL, NULL, NULL, FALSE, '2026-06-30 00:00:00', '2026-06-30 00:00:00'),
    (20, 25, 'ABSENT', 90, NULL, NULL, NULL, FALSE, '2026-06-30 00:00:00', '2026-06-30 00:00:00'),
    (21, 26, 'ABSENT', 90, NULL, NULL, NULL, FALSE, '2026-06-30 00:00:00', '2026-06-30 00:00:00'),
    (22, 27, 'ABSENT', 90, NULL, NULL, NULL, FALSE, '2026-06-30 00:00:00', '2026-06-30 00:00:00'),
    (23, 28, 'ABSENT', 90, NULL, NULL, NULL, FALSE, '2026-06-30 00:00:00', '2026-06-30 00:00:00'),
    (24, 29, 'ABSENT', 90, NULL, NULL, NULL, FALSE, '2026-06-30 00:00:00', '2026-06-30 00:00:00'),
    (25, 30, 'ABSENT', 90, NULL, NULL, NULL, FALSE, '2026-06-30 00:00:00', '2026-06-30 00:00:00'),
    (26, 31, 'ABSENT', 90, NULL, NULL, NULL, FALSE, '2026-06-30 00:00:00', '2026-06-30 00:00:00'),
    (27, 32, 'ABSENT', 90, NULL, NULL, NULL, FALSE, '2026-06-30 00:00:00', '2026-06-30 00:00:00'),
    (28, 33, 'ABSENT', 90, NULL, NULL, NULL, FALSE, '2026-06-30 00:00:00', '2026-06-30 00:00:00'),
    (29, 34, 'ABSENT', 90, NULL, NULL, NULL, FALSE, '2026-06-30 00:00:00', '2026-06-30 00:00:00'),
    (30, 35, 'ABSENT', 90, NULL, NULL, NULL, FALSE, '2026-06-30 00:00:00', '2026-06-30 00:00:00'),
    (31, 36, 'ABSENT', 90, NULL, NULL, NULL, FALSE, '2026-06-30 00:00:00', '2026-06-30 00:00:00'),
    (32, 37, 'ABSENT', 90, NULL, NULL, NULL, FALSE, '2026-06-30 00:00:00', '2026-06-30 00:00:00'),
    (33, 38, 'ABSENT', 90, NULL, NULL, NULL, FALSE, '2026-06-30 00:00:00', '2026-06-30 00:00:00'),
    (34, 39, 'ABSENT', 90, NULL, NULL, NULL, FALSE, '2026-06-30 00:00:00', '2026-06-30 00:00:00'),
    (35, 40, 'ABSENT', 90, NULL, NULL, NULL, FALSE, '2026-06-30 00:00:00', '2026-06-30 00:00:00'),
    (36, 41, 'ABSENT', 90, NULL, NULL, NULL, FALSE, '2026-06-30 00:00:00', '2026-06-30 00:00:00'),
    (37, 42, 'ABSENT', 90, NULL, NULL, NULL, FALSE, '2026-06-30 00:00:00', '2026-06-30 00:00:00'),
    (38, 43, 'ABSENT', 90, NULL, NULL, NULL, FALSE, '2026-06-30 00:00:00', '2026-06-30 00:00:00'),
    (39, 44, 'ABSENT', 90, NULL, NULL, NULL, FALSE, '2026-06-30 00:00:00', '2026-06-30 00:00:00'),
    (40, 45, 'ABSENT', 90, NULL, NULL, NULL, FALSE, '2026-06-30 00:00:00', '2026-06-30 00:00:00'),
    (41, 46, 'ABSENT', 90, NULL, NULL, NULL, FALSE, '2026-06-30 00:00:00', '2026-06-30 00:00:00'),
    (42, 47, 'ABSENT', 90, NULL, NULL, NULL, FALSE, '2026-06-30 00:00:00', '2026-06-30 00:00:00'),
    (43, 48, 'ABSENT', 90, NULL, NULL, NULL, FALSE, '2026-06-30 00:00:00', '2026-06-30 00:00:00'),
    (44, 49, 'ABSENT', 90, NULL, NULL, NULL, FALSE, '2026-06-30 00:00:00', '2026-06-30 00:00:00'),
    (45, 50, 'ABSENT', 90, NULL, NULL, NULL, FALSE, '2026-06-30 00:00:00', '2026-06-30 00:00:00'),
    (46, 51, 'ABSENT', 90, NULL, NULL, NULL, FALSE, '2026-06-30 00:00:00', '2026-06-30 00:00:00'),
    (47, 52, 'ABSENT', 90, NULL, NULL, NULL, FALSE, '2026-06-30 00:00:00', '2026-06-30 00:00:00'),
    (48, 53, 'ABSENT', 90, NULL, NULL, NULL, FALSE, '2026-06-30 00:00:00', '2026-06-30 00:00:00'),
    (49, 54, 'ABSENT', 90, NULL, NULL, NULL, FALSE, '2026-06-30 00:00:00', '2026-06-30 00:00:00'),
    (50, 55, 'ABSENT', 90, NULL, NULL, NULL, FALSE, '2026-06-30 00:00:00', '2026-06-30 00:00:00'),
    (51, 56, 'ABSENT', 90, NULL, NULL, NULL, FALSE, '2026-06-30 00:00:00', '2026-06-30 00:00:00'),
    (52, 57, 'ABSENT', 90, NULL, NULL, NULL, FALSE, '2026-06-30 00:00:00', '2026-06-30 00:00:00'),
    (53, 58, 'ABSENT', 90, NULL, NULL, NULL, FALSE, '2026-06-30 00:00:00', '2026-06-30 00:00:00'),
    (54, 59, 'ABSENT', 90, NULL, NULL, NULL, FALSE, '2026-06-30 00:00:00', '2026-06-30 00:00:00'),
    (55, 60, 'ABSENT', 90, NULL, NULL, NULL, FALSE, '2026-06-30 00:00:00', '2026-06-30 00:00:00'),
    (56, 61, 'ABSENT', 90, NULL, NULL, NULL, FALSE, '2026-06-30 00:00:00', '2026-06-30 00:00:00'),
    (57, 62, 'ABSENT', 90, NULL, NULL, NULL, FALSE, '2026-06-30 00:00:00', '2026-06-30 00:00:00'),
    (58, 63, 'ABSENT', 90, NULL, NULL, NULL, FALSE, '2026-06-30 00:00:00', '2026-06-30 00:00:00'),
    (59, 64, 'ABSENT', 90, NULL, NULL, NULL, FALSE, '2026-06-30 00:00:00', '2026-06-30 00:00:00'),
    (60, 65, 'ABSENT', 90, NULL, NULL, NULL, FALSE, '2026-06-30 00:00:00', '2026-06-30 00:00:00'),
    (61, 66, 'ABSENT', 90, NULL, NULL, NULL, FALSE, '2026-06-30 00:00:00', '2026-06-30 00:00:00'),
    (62, 67, 'ABSENT', 90, NULL, NULL, NULL, FALSE, '2026-06-30 00:00:00', '2026-06-30 00:00:00'),
    (63, 68, 'ABSENT', 90, NULL, NULL, NULL, FALSE, '2026-06-30 00:00:00', '2026-06-30 00:00:00'),
    (64, 69, 'ABSENT', 90, NULL, NULL, NULL, FALSE, '2026-06-30 00:00:00', '2026-06-30 00:00:00'),
    (65, 70, 'ABSENT', 90, NULL, NULL, NULL, FALSE, '2026-06-30 00:00:00', '2026-06-30 00:00:00'),
    (66, 71, 'ABSENT', 90, NULL, NULL, NULL, FALSE, '2026-06-30 00:00:00', '2026-06-30 00:00:00'),
    (67, 72, 'ABSENT', 90, NULL, NULL, NULL, FALSE, '2026-06-30 00:00:00', '2026-06-30 00:00:00'),
    (68, 73, 'ABSENT', 90, NULL, NULL, NULL, FALSE, '2026-06-30 00:00:00', '2026-06-30 00:00:00'),
    (69, 74, 'ABSENT', 90, NULL, NULL, NULL, FALSE, '2026-06-30 00:00:00', '2026-06-30 00:00:00'),
    (70, 75, 'ABSENT', 90, NULL, NULL, NULL, FALSE, '2026-06-30 00:00:00', '2026-06-30 00:00:00'),
    (71, 76, 'ABSENT', 90, NULL, NULL, NULL, FALSE, '2026-06-30 00:00:00', '2026-06-30 00:00:00'),
    (72, 77, 'ABSENT', 90, NULL, NULL, NULL, FALSE, '2026-06-30 00:00:00', '2026-06-30 00:00:00'),
    (73, 78, 'ABSENT', 90, NULL, NULL, NULL, FALSE, '2026-06-30 00:00:00', '2026-06-30 00:00:00'),
    (74, 79, 'ABSENT', 90, NULL, NULL, NULL, FALSE, '2026-06-30 00:00:00', '2026-06-30 00:00:00'),
    (75, 80, 'ABSENT', 90, NULL, NULL, NULL, FALSE, '2026-06-30 00:00:00', '2026-06-30 00:00:00'),
    (76, 81, 'ABSENT', 90, NULL, NULL, NULL, FALSE, '2026-06-30 00:00:00', '2026-06-30 00:00:00'),
    (77, 82, 'ABSENT', 90, NULL, NULL, NULL, FALSE, '2026-06-30 00:00:00', '2026-06-30 00:00:00'),
    (78, 83, 'ABSENT', 90, NULL, NULL, NULL, FALSE, '2026-06-30 00:00:00', '2026-06-30 00:00:00'),
    (79, 84, 'ABSENT', 90, NULL, NULL, NULL, FALSE, '2026-06-30 00:00:00', '2026-06-30 00:00:00'),
    (80, 85, 'ABSENT', 90, NULL, NULL, NULL, FALSE, '2026-06-30 00:00:00', '2026-06-30 00:00:00'),
    (81, 86, 'ABSENT', 90, NULL, NULL, NULL, FALSE, '2026-06-30 00:00:00', '2026-06-30 00:00:00'),
    (82, 87, 'ABSENT', 90, NULL, NULL, NULL, FALSE, '2026-06-30 00:00:00', '2026-06-30 00:00:00'),
    (83, 88, 'ABSENT', 90, NULL, NULL, NULL, FALSE, '2026-06-30 00:00:00', '2026-06-30 00:00:00'),
    (84, 89, 'ABSENT', 90, NULL, NULL, NULL, FALSE, '2026-06-30 00:00:00', '2026-06-30 00:00:00'),
    (85, 90, 'ABSENT', 90, NULL, NULL, NULL, FALSE, '2026-06-30 00:00:00', '2026-06-30 00:00:00'),
    (86, 91, 'ABSENT', 90, NULL, NULL, NULL, FALSE, '2026-06-30 00:00:00', '2026-06-30 00:00:00'),
    (87, 92, 'ABSENT', 90, NULL, NULL, NULL, FALSE, '2026-06-30 00:00:00', '2026-06-30 00:00:00'),
    (88, 93, 'ABSENT', 90, NULL, NULL, NULL, FALSE, '2026-06-30 00:00:00', '2026-06-30 00:00:00'),
    (89, 94, 'ABSENT', 90, NULL, NULL, NULL, FALSE, '2026-06-30 00:00:00', '2026-06-30 00:00:00'),
    (90, 95, 'ABSENT', 90, NULL, NULL, NULL, FALSE, '2026-06-30 00:00:00', '2026-06-30 00:00:00'),
    (91, 96, 'ABSENT', 90, NULL, NULL, NULL, FALSE, '2026-06-30 00:00:00', '2026-06-30 00:00:00'),
    (92, 97, 'ABSENT', 90, NULL, NULL, NULL, FALSE, '2026-06-30 00:00:00', '2026-06-30 00:00:00'),
    (93, 98, 'ABSENT', 90, NULL, NULL, NULL, FALSE, '2026-06-30 00:00:00', '2026-06-30 00:00:00'),
    (94, 99, 'ABSENT', 90, NULL, NULL, NULL, FALSE, '2026-06-30 00:00:00', '2026-06-30 00:00:00'),
    (95, 100, 'ABSENT', 90, NULL, NULL, NULL, FALSE, '2026-06-30 00:00:00', '2026-06-30 00:00:00'),
    (96, 101, 'ABSENT', 90, NULL, NULL, NULL, FALSE, '2026-06-30 00:00:00', '2026-06-30 00:00:00'),
    (97, 102, 'ABSENT', 90, NULL, NULL, NULL, FALSE, '2026-06-30 00:00:00', '2026-06-30 00:00:00'),
    (98, 103, 'ABSENT', 90, NULL, NULL, NULL, FALSE, '2026-06-30 00:00:00', '2026-06-30 00:00:00'),
    (99, 104, 'ABSENT', 90, NULL, NULL, NULL, FALSE, '2026-06-30 00:00:00', '2026-06-30 00:00:00'),
    (100, 105, 'ABSENT', 90, NULL, NULL, NULL, FALSE, '2026-06-30 00:00:00', '2026-06-30 00:00:00'),
    (101, 106, 'ABSENT', 90, NULL, NULL, NULL, FALSE, '2026-06-30 00:00:00', '2026-06-30 00:00:00'),
    (102, 107, 'ABSENT', 90, NULL, NULL, NULL, FALSE, '2026-06-30 00:00:00', '2026-06-30 00:00:00'),
    (103, 108, 'ABSENT', 90, NULL, NULL, NULL, FALSE, '2026-06-30 00:00:00', '2026-06-30 00:00:00'),
    (104, 109, 'ABSENT', 90, NULL, NULL, NULL, FALSE, '2026-06-30 00:00:00', '2026-06-30 00:00:00'),
    (105, 110, 'ABSENT', 90, NULL, NULL, NULL, FALSE, '2026-06-30 00:00:00', '2026-06-30 00:00:00'),
    (106, 111, 'ABSENT', 90, NULL, NULL, NULL, FALSE, '2026-06-30 00:00:00', '2026-06-30 00:00:00'),
    (107, 112, 'ABSENT', 90, NULL, NULL, NULL, FALSE, '2026-06-30 00:00:00', '2026-06-30 00:00:00'),
    (108, 113, 'ABSENT', 90, NULL, NULL, NULL, FALSE, '2026-06-30 00:00:00', '2026-06-30 00:00:00'),
    (109, 114, 'ABSENT', 90, NULL, NULL, NULL, FALSE, '2026-06-30 00:00:00', '2026-06-30 00:00:00'),
    (110, 115, 'ABSENT', 90, NULL, NULL, NULL, FALSE, '2026-06-30 00:00:00', '2026-06-30 00:00:00'),
    (111, 116, 'ABSENT', 90, NULL, NULL, NULL, FALSE, '2026-06-30 00:00:00', '2026-06-30 00:00:00'),
    (112, 117, 'ABSENT', 90, NULL, NULL, NULL, FALSE, '2026-06-30 00:00:00', '2026-06-30 00:00:00'),
    (113, 118, 'ABSENT', 90, NULL, NULL, NULL, FALSE, '2026-06-30 00:00:00', '2026-06-30 00:00:00'),
    (114, 119, 'ABSENT', 90, NULL, NULL, NULL, FALSE, '2026-06-30 00:00:00', '2026-06-30 00:00:00'),
    (115, 120, 'ABSENT', 90, NULL, NULL, NULL, FALSE, '2026-06-30 00:00:00', '2026-06-30 00:00:00'),
    (116, 121, 'ABSENT', 90, NULL, NULL, NULL, FALSE, '2026-06-30 00:00:00', '2026-06-30 00:00:00'),
    (117, 122, 'ABSENT', 90, NULL, NULL, NULL, FALSE, '2026-06-30 00:00:00', '2026-06-30 00:00:00'),
    (118, 123, 'ABSENT', 90, NULL, NULL, NULL, FALSE, '2026-06-30 00:00:00', '2026-06-30 00:00:00'),
    (119, 124, 'ABSENT', 90, NULL, NULL, NULL, FALSE, '2026-06-30 00:00:00', '2026-06-30 00:00:00'),
    (120, 125, 'ABSENT', 90, NULL, NULL, NULL, FALSE, '2026-06-30 00:00:00', '2026-06-30 00:00:00'),
    (121, 126, 'ABSENT', 90, NULL, NULL, NULL, FALSE, '2026-06-30 00:00:00', '2026-06-30 00:00:00'),
    (122, 127, 'ABSENT', 90, NULL, NULL, NULL, FALSE, '2026-06-30 00:00:00', '2026-06-30 00:00:00'),
    (123, 128, 'ABSENT', 90, NULL, NULL, NULL, FALSE, '2026-06-30 00:00:00', '2026-06-30 00:00:00'),
    (124, 129, 'ABSENT', 90, NULL, NULL, NULL, FALSE, '2026-06-30 00:00:00', '2026-06-30 00:00:00'),
    (125, 130, 'ABSENT', 90, NULL, NULL, NULL, FALSE, '2026-06-30 00:00:00', '2026-06-30 00:00:00'),
    (126, 131, 'ABSENT', 90, NULL, NULL, NULL, FALSE, '2026-06-30 00:00:00', '2026-06-30 00:00:00'),
    (127, 132, 'ABSENT', 90, NULL, NULL, NULL, FALSE, '2026-06-30 00:00:00', '2026-06-30 00:00:00'),
    (128, 133, 'ABSENT', 90, NULL, NULL, NULL, FALSE, '2026-06-30 00:00:00', '2026-06-30 00:00:00'),
    (129, 134, 'ABSENT', 90, NULL, NULL, NULL, FALSE, '2026-06-30 00:00:00', '2026-06-30 00:00:00'),
    (130, 135, 'ABSENT', 90, NULL, NULL, NULL, FALSE, '2026-06-30 00:00:00', '2026-06-30 00:00:00'),
    (131, 136, 'ABSENT', 90, NULL, NULL, NULL, FALSE, '2026-06-30 00:00:00', '2026-06-30 00:00:00'),
    (132, 137, 'ABSENT', 90, NULL, NULL, NULL, FALSE, '2026-06-30 00:00:00', '2026-06-30 00:00:00'),
    (133, 138, 'ABSENT', 90, NULL, NULL, NULL, FALSE, '2026-06-30 00:00:00', '2026-06-30 00:00:00'),
    (134, 139, 'ABSENT', 90, NULL, NULL, NULL, FALSE, '2026-06-30 00:00:00', '2026-06-30 00:00:00'),
    (135, 140, 'ABSENT', 90, NULL, NULL, NULL, FALSE, '2026-06-30 00:00:00', '2026-06-30 00:00:00'),
    (136, 141, 'ABSENT', 90, NULL, NULL, NULL, FALSE, '2026-06-30 00:00:00', '2026-06-30 00:00:00'),
    (137, 142, 'ABSENT', 90, NULL, NULL, NULL, FALSE, '2026-06-30 00:00:00', '2026-06-30 00:00:00'),
    (138, 143, 'ABSENT', 90, NULL, NULL, NULL, FALSE, '2026-06-30 00:00:00', '2026-06-30 00:00:00'),
    (139, 144, 'ABSENT', 90, NULL, NULL, NULL, FALSE, '2026-06-30 00:00:00', '2026-06-30 00:00:00'),
    (140, 145, 'ABSENT', 90, NULL, NULL, NULL, FALSE, '2026-06-30 00:00:00', '2026-06-30 00:00:00'),
    (141, 146, 'ABSENT', 90, NULL, NULL, NULL, FALSE, '2026-06-30 00:00:00', '2026-06-30 00:00:00'),
    (142, 147, 'ABSENT', 90, NULL, NULL, NULL, FALSE, '2026-06-30 00:00:00', '2026-06-30 00:00:00'),
    (143, 148, 'ABSENT', 90, NULL, NULL, NULL, FALSE, '2026-06-30 00:00:00', '2026-06-30 00:00:00'),
    (144, 149, 'ABSENT', 90, NULL, NULL, NULL, FALSE, '2026-06-30 00:00:00', '2026-06-30 00:00:00'),
    (145, 150, 'ABSENT', 90, NULL, NULL, NULL, FALSE, '2026-06-30 00:00:00', '2026-06-30 00:00:00'),
    (146, 151, 'ABSENT', 90, NULL, NULL, NULL, FALSE, '2026-06-30 00:00:00', '2026-06-30 00:00:00'),
    (147, 152, 'ABSENT', 90, NULL, NULL, NULL, FALSE, '2026-06-30 00:00:00', '2026-06-30 00:00:00'),
    (148, 153, 'ABSENT', 90, NULL, NULL, NULL, FALSE, '2026-06-30 00:00:00', '2026-06-30 00:00:00'),
    (149, 154, 'ABSENT', 90, NULL, NULL, NULL, FALSE, '2026-06-30 00:00:00', '2026-06-30 00:00:00'),
    (150, 155, 'ABSENT', 90, NULL, NULL, NULL, FALSE, '2026-06-30 00:00:00', '2026-06-30 00:00:00'),
    (151, 156, 'ABSENT', 90, NULL, NULL, NULL, FALSE, '2026-06-30 00:00:00', '2026-06-30 00:00:00'),
    (152, 157, 'ABSENT', 90, NULL, NULL, NULL, FALSE, '2026-06-30 00:00:00', '2026-06-30 00:00:00'),
    (153, 158, 'ABSENT', 90, NULL, NULL, NULL, FALSE, '2026-06-30 00:00:00', '2026-06-30 00:00:00'),
    (154, 159, 'ABSENT', 90, NULL, NULL, NULL, FALSE, '2026-06-30 00:00:00', '2026-06-30 00:00:00'),
    (155, 160, 'ABSENT', 90, NULL, NULL, NULL, FALSE, '2026-06-30 00:00:00', '2026-06-30 00:00:00'),
    (156, 161, 'ABSENT', 90, NULL, NULL, NULL, FALSE, '2026-06-30 00:00:00', '2026-06-30 00:00:00'),
    (157, 162, 'ABSENT', 90, NULL, NULL, NULL, FALSE, '2026-06-30 00:00:00', '2026-06-30 00:00:00'),
    (158, 163, 'ABSENT', 90, NULL, NULL, NULL, FALSE, '2026-06-30 00:00:00', '2026-06-30 00:00:00'),
    (159, 164, 'ABSENT', 90, NULL, NULL, NULL, FALSE, '2026-06-30 00:00:00', '2026-06-30 00:00:00'),
    (160, 165, 'ABSENT', 90, NULL, NULL, NULL, FALSE, '2026-06-30 00:00:00', '2026-06-30 00:00:00'),
    (161, 166, 'ABSENT', 90, NULL, NULL, NULL, FALSE, '2026-06-30 00:00:00', '2026-06-30 00:00:00'),
    (162, 167, 'ABSENT', 90, NULL, NULL, NULL, FALSE, '2026-06-30 00:00:00', '2026-06-30 00:00:00'),
    (163, 168, 'ABSENT', 90, NULL, NULL, NULL, FALSE, '2026-06-30 00:00:00', '2026-06-30 00:00:00'),
    (164, 169, 'ABSENT', 90, NULL, NULL, NULL, FALSE, '2026-06-30 00:00:00', '2026-06-30 00:00:00'),
    (165, 170, 'ABSENT', 90, NULL, NULL, NULL, FALSE, '2026-06-30 00:00:00', '2026-06-30 00:00:00'),
    (166, 171, 'ABSENT', 90, NULL, NULL, NULL, FALSE, '2026-06-30 00:00:00', '2026-06-30 00:00:00'),
    (167, 172, 'ABSENT', 90, NULL, NULL, NULL, FALSE, '2026-06-30 00:00:00', '2026-06-30 00:00:00'),
    (168, 173, 'ABSENT', 90, NULL, NULL, NULL, FALSE, '2026-06-30 00:00:00', '2026-06-30 00:00:00'),
    (169, 174, 'ABSENT', 90, NULL, NULL, NULL, FALSE, '2026-06-30 00:00:00', '2026-06-30 00:00:00'),
    (170, 175, 'ABSENT', 90, NULL, NULL, NULL, FALSE, '2026-06-30 00:00:00', '2026-06-30 00:00:00'),
    (171, 176, 'ABSENT', 90, NULL, NULL, NULL, FALSE, '2026-06-30 00:00:00', '2026-06-30 00:00:00'),
    (172, 177, 'ABSENT', 90, NULL, NULL, NULL, FALSE, '2026-06-30 00:00:00', '2026-06-30 00:00:00'),
    (173, 178, 'ABSENT', 90, NULL, NULL, NULL, FALSE, '2026-06-30 00:00:00', '2026-06-30 00:00:00'),
    (174, 179, 'ABSENT', 90, NULL, NULL, NULL, FALSE, '2026-06-30 00:00:00', '2026-06-30 00:00:00'),
    (175, 180, 'ABSENT', 90, NULL, NULL, NULL, FALSE, '2026-06-30 00:00:00', '2026-06-30 00:00:00'),
    (176, 181, 'ABSENT', 90, NULL, NULL, NULL, FALSE, '2026-06-30 00:00:00', '2026-06-30 00:00:00'),
    (177, 182, 'ABSENT', 90, NULL, NULL, NULL, FALSE, '2026-06-30 00:00:00', '2026-06-30 00:00:00'),
    (178, 183, 'ABSENT', 90, NULL, NULL, NULL, FALSE, '2026-06-30 00:00:00', '2026-06-30 00:00:00'),
    (179, 184, 'ABSENT', 90, NULL, NULL, NULL, FALSE, '2026-06-30 00:00:00', '2026-06-30 00:00:00'),
    (180, 185, 'ABSENT', 90, NULL, NULL, NULL, FALSE, '2026-06-30 00:00:00', '2026-06-30 00:00:00'),
    (181, 186, 'ABSENT', 90, NULL, NULL, NULL, FALSE, '2026-06-30 00:00:00', '2026-06-30 00:00:00'),
    (182, 187, 'ABSENT', 90, NULL, NULL, NULL, FALSE, '2026-06-30 00:00:00', '2026-06-30 00:00:00'),
    (183, 188, 'ABSENT', 90, NULL, NULL, NULL, FALSE, '2026-06-30 00:00:00', '2026-06-30 00:00:00'),
    (184, 189, 'ABSENT', 90, NULL, NULL, NULL, FALSE, '2026-06-30 00:00:00', '2026-06-30 00:00:00');
ALTER SEQUENCE daily_teacher_attendances_id_seq RESTART WITH 185;

-- 11. Absence Requests
INSERT INTO absence_requests (
    id, daily_schedule_id, requested_by, title, reason, expires_at, status,
    approval_at, approval_by, note, created_at, updated_at
)
VALUES
    (1, 3, 2, '6월 24일 한글 기초 결석 요청', '개인 일정으로 6월 24일 한글 기초 수업에 참석하기 어렵습니다.',
     '2026-06-24 00:00:00', 'PENDING', NULL, NULL, NULL, '2026-05-26 09:00:00', '2026-05-26 09:00:00'),
    (2, 4, 3, '승인된 수학 기초 결석 요청', '병원 진료 일정으로 수업 참석이 어려워 결석을 요청했습니다.',
     '2026-06-24 00:00:00', 'APPROVED', '2026-05-27 10:30:00', 1, NULL, '2026-05-26 13:20:00', '2026-05-27 10:30:00'),
    (3, 5, 2, '반려된 스마트폰 활용 결석 요청', '일정 조정 가능성이 있어 결석 요청을 제출했습니다.',
     '2026-06-27 00:00:00', 'REJECTED', '2026-05-28 14:10:00', 1, '수업 대체 운영 계획 확인 후 다시 요청해주세요.', '2026-05-27 16:40:00', '2026-05-28 14:10:00');
ALTER SEQUENCE absence_requests_id_seq RESTART WITH 4;

-- 12. Lesson Exchange Requests
INSERT INTO lesson_exchange_requests (
    id, daily_schedule_id, lesson_date, requested_by, title, classroom_name_snapshot, content, status,
    expires_at, processed_at, processed_by, completed_at, cancelled_at, rejection_note,
    created_at, updated_at
)
VALUES
    (1, 3, '2026-06-24', 2, '6월 24일 한글 기초 수업 교환 요청', '벚꽃반', '개인 일정으로 6월 24일 한글 기초 수업 교환을 요청합니다.', 'PENDING',
     '2026-06-21 23:59:00', NULL, NULL, NULL, NULL, NULL, '2026-05-20 10:00:00', '2026-05-20 10:00:00'),
    (2, 2, '2026-06-17', 3, '6월 17일 수학 기초 수업 교환 요청', '개나리반', '해당 날짜 수학 기초 수업을 다른 선생님과 교환하고 싶습니다.', 'PENDING',
     '2026-06-14 23:59:00', NULL, NULL, NULL, NULL, NULL, '2026-05-21 09:30:00', '2026-05-21 09:30:00'),
    (3, 1, '2026-06-10', 2, '승인된 한글 기초 수업 교환 요청', '벚꽃반', '관리자가 승인해 제안을 받을 수 있는 수업 교환 요청입니다.', 'APPROVED',
     '2026-06-07 23:59:00', '2026-05-22 11:00:00', 1, NULL, NULL, NULL, '2026-05-21 13:10:00', '2026-05-22 11:00:00'),
    (4, 4, '2026-06-24', 3, '반려된 수학 기초 수업 교환 요청', '개나리반', '일정상 교환 요청을 제출했으나 반려된 예시입니다.', 'REJECTED',
     '2026-06-21 23:59:00', '2026-05-23 14:20:00', 1, NULL, NULL, '대체 수업 일정이 충분하지 않습니다.', '2026-05-22 15:00:00', '2026-05-23 14:20:00'),
    (5, 11, '2026-06-03', 2, '완료된 한글 기초 수업 교환 요청', '벚꽃반', '제안 수락까지 완료된 수업 교환 요청입니다.', 'COMPLETED',
     '2026-05-31 23:59:00', '2026-05-24 10:00:00', 1, '2026-05-25 16:00:00', NULL, NULL, '2026-05-23 08:40:00', '2026-05-25 16:00:00'),
    (6, 12, '2026-06-03', 3, '만료된 수학 기초 수업 교환 요청', '개나리반', '만료 처리된 수업 교환 요청입니다.', 'EXPIRED',
     '2026-05-24 23:59:00', NULL, NULL, NULL, NULL, NULL, '2026-05-20 16:20:00', '2026-05-25 00:10:00'),
    (7, 13, '2026-06-06', 3, '취소된 스마트폰 활용 수업 교환 요청', '주말 스마트폰반', '요청자가 직접 취소한 수업 교환 요청입니다.', 'CANCELLED',
     '2026-06-03 23:59:00', NULL, NULL, NULL, '2026-05-24 18:00:00', NULL, '2026-05-24 12:00:00', '2026-05-24 18:00:00');
ALTER SEQUENCE lesson_exchange_requests_id_seq RESTART WITH 8;

-- 13. Lesson Exchange Proposals
INSERT INTO lesson_exchange_proposals (
    id, request_id, proposed_by, proposal_type, daily_schedule_id, lesson_date, content, classroom_name_snapshot,
    status, accepted_at, withdrawn_at, closed_at, created_at, updated_at
)
VALUES
    (1, 3, 3, 'EXCHANGE', 2, '2026-06-17', '처음 제안한 교환 일정을 철회했습니다.', '개나리반',
     'WITHDRAWN', NULL, '2026-05-23 08:00:00', NULL, '2026-05-22 13:00:00', '2026-05-23 08:00:00'),
    (2, 3, 1, 'SUBSTITUTION', NULL, NULL, '교환 대신 6월 10일 한글 기초 수업을 대체할 수 있습니다.', NULL,
     'ACTIVE', NULL, NULL, NULL, '2026-05-23 08:30:00', '2026-05-23 08:30:00'),
    (3, 3, 3, 'EXCHANGE', 2, '2026-06-17', '철회 후 일정을 확인해 다시 제출한 교환 제안입니다.', '개나리반',
     'ACTIVE', NULL, NULL, NULL, '2026-05-23 12:40:00', '2026-05-23 12:40:00'),
    (4, 5, 3, 'EXCHANGE', 2, '2026-06-17', '완료된 요청에서 수락된 교환 제안입니다.', '개나리반',
     'ACCEPTED', '2026-05-25 16:00:00', NULL, NULL, '2026-05-24 09:00:00', '2026-05-25 16:00:00'),
    (5, 5, 1, 'SUBSTITUTION', NULL, NULL, '다른 제안이 수락되어 종료된 대체 제안입니다.', NULL,
     'CLOSED', NULL, NULL, '2026-05-25 16:00:00', '2026-05-24 10:30:00', '2026-05-25 16:00:00');
ALTER SEQUENCE lesson_exchange_proposals_id_seq RESTART WITH 6;

-- 13-1. Meeting Records
INSERT INTO meeting_records (
    id, author_id, title, agenda, discussion, suggestion, status, is_deleted, view_count, created_at, updated_at
)
VALUES
    (1, 1, '2026년 6월 첫째 주 교학회의',
     '6월 수업 운영, 신입 교원 오리엔테이션, 출석 기록 점검',
     '분반별 수업은 기존 시간표대로 운영하고, 신규 교원에게 수업 일지 작성 방법을 안내하기로 했습니다. 국화반 목요일 시간표는 교원 신청 승인 후 배정 현황을 다시 확인합니다.',
     '프론트 메인 화면에서 공지와 이번 주 수업을 함께 볼 수 있도록 운영 데이터를 주기적으로 보강합니다.',
     'AFTER_MEETING', FALSE, 34, '2026-06-02 21:20:00', '2026-06-02 21:20:00'),
    (2, 1, '2026년 5월 넷째 주 교학회의',
     '상반기 수업 회고, 행사 사진 기록, 학생 발표회 준비',
     '상반기 회고 모임 사진은 행사안내 채널에 게시하고, 학생 발표회는 분반별로 발표 가능한 주제를 먼저 모으기로 했습니다.',
     '행사 사진은 썸네일이 없는 경우 목록 가독성이 떨어지므로 mock 썸네일이라도 반드시 연결합니다.',
     'AFTER_MEETING', FALSE, 28, '2026-05-27 21:10:00', '2026-05-27 21:10:00'),
    (3, 1, '2026년 5월 셋째 주 교학회의',
     '주말 스마트폰반 운영, 보조 교사 모집, 학생 안전 귀가',
     '스마트폰반은 실습 중심으로 운영하고, 보조 교사 모집 공지를 공지사항에 올리기로 했습니다. 우천 시 귀가 동선은 생활안전부가 확인합니다.',
     '주말 수업은 평일 수업과 충돌하지 않도록 교사 배정 화면에서 요일과 날짜를 함께 표시합니다.',
     'AFTER_MEETING', FALSE, 22, '2026-05-20 21:00:00', '2026-05-20 21:00:00'),
    (4, 1, '2026년 5월 둘째 주 교학회의',
     '교실 비품, 자료실 정리, 구매 요청 처리',
     '공용 교재와 필기구 재고를 확인하고 부족한 품목은 구매 요청으로 올리기로 했습니다. 자료실 채널의 파일 분류도 함께 정리합니다.',
     '구매 요청 상세 화면에서 거래 품목명이 누락되지 않도록 회귀 테스트를 유지합니다.',
     'AFTER_MEETING', FALSE, 19, '2026-05-13 21:30:00', '2026-05-13 21:30:00'),
    (5, 1, '2026년 5월 첫째 주 교학회의',
     '신규 학생 상담, 분반 배정, 수업 참관 일정',
     '신규 학생 상담 후 벚꽃반과 개나리반에 우선 배정하고, 참관 가능한 교사는 교육연구부에 가능한 날짜를 공유하기로 했습니다.',
     '학생 정보 페이지에서 분반별 학생 수를 확인할 수 있도록 seed 데이터를 유지합니다.',
     'AFTER_MEETING', FALSE, 25, '2026-05-06 21:00:00', '2026-05-06 21:00:00'),
    (6, 1, '2026년 6월 둘째 주 교학회의 준비',
     '오리엔테이션 이후 피드백, 국화반 교원 배정, 6월 생일 축하 준비',
     NULL,
     NULL,
     'BEFORE_MEETING', FALSE, 7, '2026-06-03 10:00:00', '2026-06-03 10:00:00');
ALTER SEQUENCE meeting_records_id_seq RESTART WITH 7;

-- 13-2. Events
INSERT INTO events (
    id, title, description, event_date, start_time, end_time, created_by_id, updated_by_id, is_deleted,
    created_at, updated_at
)
VALUES
    (1, '신입 교원 오리엔테이션', '신규 교원 신청자와 승인 교원을 대상으로 수업 운영 방식을 안내합니다.',
     '2026-06-12', '19:00:00', '20:30:00', 1, 1, FALSE, '2026-06-01 09:00:00', '2026-06-01 09:00:00'),
    (2, '9월 개강 준비 회의', '2학기 시간표와 분반별 담당 교원을 최종 확인합니다.',
     '2026-08-28', '19:30:00', '21:00:00', 1, 1, FALSE, '2026-06-01 09:10:00', '2026-06-01 09:10:00'),
    (3, '추석 연휴 휴강 안내', '추석 연휴 기간 수업 운영 여부를 안내합니다.',
     '2026-09-25', NULL, NULL, 1, 1, FALSE, '2026-06-01 09:20:00', '2026-06-01 09:20:00'),
    (4, '상반기 수업 회고', '상반기 수업 운영 내용을 돌아보고 개선점을 정리합니다.',
     '2026-05-29', '19:00:00', '20:00:00', 1, 1, FALSE, '2026-05-20 09:00:00', '2026-05-20 09:00:00');
ALTER SEQUENCE events_id_seq RESTART WITH 5;

-- 14. Vendors
INSERT INTO vendors (id, name, description, balance, is_active)
VALUES
    (1, '예소디자인', '부산대 인근 거래처', 0, TRUE),
    (2, '목민서관', '야학 부근 거래처', 100000, TRUE),
    (3, '지성문구', '부산대 인근 거래처', 0, TRUE),
    (4, '마트', '야학 부근 거래처', 0, TRUE);
ALTER SEQUENCE vendors_id_seq RESTART WITH 5;

-- 14-1. Purchased Prepaid Purchase Request for Expense Document API Test
INSERT INTO purchase_requests (
    id, classroom_id, requested_by, title, content, total_price, status,
    approval_at, approval_by, purchased_at, note, created_at, updated_at
)
VALUES
    (
        1,
        1,
        2,
        '목민서관 선결제 지출증빙서류 API 테스트',
        '목민서관에 교재 구입비를 선결제 충전한 뒤 구매 완료 보고까지 진행한 테스트 데이터입니다.',
        100000,
        'PURCHASED',
        '2026-06-25 10:00:00',
        1,
        '2026-06-30 14:00:00',
        '지출증빙서류 생성 테스트용 선결제 승인 데이터',
        '2026-06-24 09:00:00',
        '2026-06-30 14:00:00'
    );
ALTER SEQUENCE purchase_requests_id_seq RESTART WITH 2;

INSERT INTO purchase_requests_items (id, purchase_request_id, name, reason, quantity, payment_type)
VALUES
    (1, 1, '문해 교재 1단계', '목민서관 교재 구입 선결제 산출 근거', 10, 'PREPAID'),
    (2, 1, '문해 교재 2단계', '목민서관 교재 구입 선결제 산출 근거', 10, 'PREPAID'),
    (3, 1, '수업용 문제집', '목민서관 교재 구입 선결제 산출 근거', 10, 'PREPAID');
ALTER SEQUENCE purchase_requests_items_id_seq RESTART WITH 4;

INSERT INTO purchase_request_payment_transactions (id, purchase_request_id, vendor_id, amount, receipt_file_id)
VALUES
    (1, 1, 2, 100000, NULL);
ALTER SEQUENCE purchase_request_payment_transactions_id_seq RESTART WITH 2;

INSERT INTO purchase_request_payment_transaction_item_names (transaction_id, sort_order, item_name)
VALUES
    (1, 0, '문해 교재 1단계'),
    (1, 1, '문해 교재 2단계'),
    (1, 2, '수업용 문제집');

INSERT INTO vendor_balance_histories (
    id, vendor_id, type, amount, balance_after, memo, receipt_file_id, purchase_request_id,
    created_by, occurred_at, is_deleted, created_at, updated_at
)
VALUES
    (
        1, 2, 'CHARGE', 100000, 100000, '목민서관 선결제 테스트 충전',
        NULL, NULL, 1, '2026-06-24 09:30:00', FALSE, '2026-06-24 09:30:00', '2026-06-24 09:30:00'
    );
ALTER SEQUENCE vendor_balance_histories_id_seq RESTART WITH 2;

-- 15. Students
INSERT INTO students (id, name, phone_number, description, status)
VALUES
    (1, '이영희', '010-3333-3333', '벚꽃반 기초 문해 학습자', 'ENROLLED'),
    (2, '박민수', '010-4444-4444', '벚꽃반 생활 문해 학습자', 'ENROLLED'),
    (3, '김영자', '010-5555-3333', '개나리반 문해 복습 학습자', 'ENROLLED'),
    (4, '최순덕', '010-5555-4444', '개나리반 생활 수학 학습자', 'ENROLLED'),
    (5, '오민호', '010-5555-5555', '국화반 신규 배정 대기 학습자', 'ENROLLED'),
    (6, '장복희', '010-5555-6666', '주말 스마트폰반 학습자', 'ENROLLED');
ALTER SEQUENCE students_id_seq RESTART WITH 7;

INSERT INTO students (id, name, phone_number, description, status)
VALUES
    (7, '정말순', '010-6000-0007', '벚꽃반 생활 한글 학습자', 'ENROLLED'),
    (8, '윤복자', '010-6000-0008', '벚꽃반 읽기 복습 학습자', 'ENROLLED'),
    (9, '하명자', '010-6000-0009', '벚꽃반 쓰기 연습 학습자', 'ENROLLED'),
    (10, '문정숙', '010-6000-0010', '개나리반 문해 학습자', 'ENROLLED'),
    (11, '서금례', '010-6000-0011', '개나리반 생활 수학 학습자', 'ENROLLED'),
    (12, '배순이', '010-6000-0012', '개나리반 받아쓰기 학습자', 'ENROLLED'),
    (13, '강옥분', '010-6000-0013', '민들레반 생활 한글 학습자', 'ENROLLED'),
    (14, '노영자', '010-6000-0014', '민들레반 읽기 학습자', 'ENROLLED'),
    (15, '신귀남', '010-6000-0015', '민들레반 수학 복습 학습자', 'ENROLLED'),
    (16, '안순덕', '010-6000-0016', '민들레반 문장 쓰기 학습자', 'ENROLLED'),
    (17, '임말자', '010-6000-0017', '민들레반 기초 문해 학습자', 'ENROLLED'),
    (18, '조복례', '010-6000-0018', '동백반 생활 수학 학습자', 'ENROLLED'),
    (19, '백춘자', '010-6000-0019', '동백반 한글 복습 학습자', 'ENROLLED'),
    (20, '유정희', '010-6000-0020', '동백반 읽기 학습자', 'ENROLLED'),
    (21, '장분이', '010-6000-0021', '동백반 쓰기 학습자', 'ENROLLED'),
    (22, '손광자', '010-6000-0022', '동백반 생활 문해 학습자', 'ENROLLED'),
    (23, '한옥순', '010-6000-0023', '해바라기반 국어 읽기 학습자', 'ENROLLED'),
    (24, '민영희', '010-6000-0024', '해바라기반 말하기 학습자', 'ENROLLED'),
    (25, '고순자', '010-6000-0025', '해바라기반 생활 글쓰기 학습자', 'ENROLLED'),
    (26, '양정례', '010-6000-0026', '해바라기반 독해 학습자', 'ENROLLED'),
    (27, '전명숙', '010-6000-0027', '해바라기반 받아쓰기 학습자', 'ENROLLED'),
    (28, '홍순임', '010-6000-0028', '국화반 과학 생활 학습자', 'ENROLLED'),
    (29, '차복순', '010-6000-0029', '국화반 사회 읽기 학습자', 'ENROLLED'),
    (30, '남정자', '010-6000-0030', '국화반 수학 복습 학습자', 'ENROLLED'),
    (31, '구연희', '010-6000-0031', '국화반 한글 복습 학습자', 'ENROLLED'),
    (32, '박경자', '010-6000-0032', '주말 영어반 생활 영어 학습자', 'ENROLLED'),
    (33, '최덕순', '010-6000-0033', '주말 영어반 읽기 학습자', 'ENROLLED'),
    (34, '이정례', '010-6000-0034', '주말 영어반 말하기 학습자', 'ENROLLED'),
    (35, '오금순', '010-6000-0035', '주말 영어반 알파벳 학습자', 'ENROLLED'),
    (36, '김복남', '010-6000-0036', '주말 영어반 생활 표현 학습자', 'ENROLLED'),
    (37, '성옥자', '010-6000-0037', '주말 스마트폰반 앱 사용 학습자', 'ENROLLED'),
    (38, '권순례', '010-6000-0038', '주말 스마트폰반 사진 보내기 학습자', 'ENROLLED'),
    (39, '황말숙', '010-6000-0039', '주말 스마트폰반 길 찾기 학습자', 'ENROLLED'),
    (40, '정금자', '010-6000-0040', '주말 스마트폰반 메시지 학습자', 'ENROLLED'),
    (41, '송영순', '010-6000-0041', '겨울반 계절 보충 학습자', 'ENROLLED'),
    (42, '류옥희', '010-6000-0042', '겨울반 한글 복습 학습자', 'ENROLLED'),
    (43, '곽순자', '010-6000-0043', '겨울반 생활 수학 학습자', 'ENROLLED'),
    (44, '심정자', '010-6000-0044', '겨울반 읽기 보충 학습자', 'ENROLLED'),
    (45, '우명희', '010-6000-0045', '겨울반 쓰기 보충 학습자', 'ENROLLED');
ALTER SEQUENCE students_id_seq RESTART WITH 46;

-- 15. Student Classrooms
INSERT INTO student_classrooms (id, student_id, classroom_id)
VALUES
    (1, 1, 1),
    (2, 2, 1),
    (3, 3, 2),
    (4, 4, 2),
    (5, 5, 6),
    (6, 6, 8);
ALTER SEQUENCE student_classrooms_id_seq RESTART WITH 7;

INSERT INTO student_classrooms (id, student_id, classroom_id)
VALUES
    (7, 7, 1),
    (8, 8, 1),
    (9, 9, 1),
    (10, 10, 2),
    (11, 11, 2),
    (12, 12, 2),
    (13, 13, 3),
    (14, 14, 3),
    (15, 15, 3),
    (16, 16, 3),
    (17, 17, 3),
    (18, 18, 4),
    (19, 19, 4),
    (20, 20, 4),
    (21, 21, 4),
    (22, 22, 4),
    (23, 23, 5),
    (24, 24, 5),
    (25, 25, 5),
    (26, 26, 5),
    (27, 27, 5),
    (28, 28, 6),
    (29, 29, 6),
    (30, 30, 6),
    (31, 31, 6),
    (32, 32, 7),
    (33, 33, 7),
    (34, 34, 7),
    (35, 35, 7),
    (36, 36, 7),
    (37, 37, 8),
    (38, 38, 8),
    (39, 39, 8),
    (40, 40, 8),
    (41, 41, 9),
    (42, 42, 9),
    (43, 43, 9),
    (44, 44, 9),
    (45, 45, 9);
ALTER SEQUENCE student_classrooms_id_seq RESTART WITH 46;

-- 15. Daily Student Attendances
INSERT INTO daily_student_attendances (
    id, daily_schedule_id, student_id, status, is_deleted, created_at, updated_at
)
VALUES
    (1, 14, 1, 'ABSENT', FALSE, '2026-06-30 00:00:00', '2026-06-30 00:00:00'),
    (2, 14, 2, 'ABSENT', FALSE, '2026-06-30 00:00:00', '2026-06-30 00:00:00'),
    (3, 14, 7, 'ABSENT', FALSE, '2026-06-30 00:00:00', '2026-06-30 00:00:00'),
    (4, 14, 8, 'ABSENT', FALSE, '2026-06-30 00:00:00', '2026-06-30 00:00:00'),
    (5, 14, 9, 'ABSENT', FALSE, '2026-06-30 00:00:00', '2026-06-30 00:00:00'),
    (6, 15, 3, 'ABSENT', FALSE, '2026-06-30 00:00:00', '2026-06-30 00:00:00'),
    (7, 15, 4, 'ABSENT', FALSE, '2026-06-30 00:00:00', '2026-06-30 00:00:00'),
    (8, 15, 10, 'ABSENT', FALSE, '2026-06-30 00:00:00', '2026-06-30 00:00:00'),
    (9, 15, 11, 'ABSENT', FALSE, '2026-06-30 00:00:00', '2026-06-30 00:00:00'),
    (10, 15, 12, 'ABSENT', FALSE, '2026-06-30 00:00:00', '2026-06-30 00:00:00'),
    (11, 16, 6, 'ABSENT', FALSE, '2026-06-30 00:00:00', '2026-06-30 00:00:00'),
    (12, 16, 37, 'ABSENT', FALSE, '2026-06-30 00:00:00', '2026-06-30 00:00:00'),
    (13, 16, 38, 'ABSENT', FALSE, '2026-06-30 00:00:00', '2026-06-30 00:00:00'),
    (14, 16, 39, 'ABSENT', FALSE, '2026-06-30 00:00:00', '2026-06-30 00:00:00'),
    (15, 16, 40, 'ABSENT', FALSE, '2026-06-30 00:00:00', '2026-06-30 00:00:00'),
    (16, 17, 1, 'ABSENT', FALSE, '2026-06-30 00:00:00', '2026-06-30 00:00:00'),
    (17, 17, 2, 'ABSENT', FALSE, '2026-06-30 00:00:00', '2026-06-30 00:00:00'),
    (18, 17, 7, 'ABSENT', FALSE, '2026-06-30 00:00:00', '2026-06-30 00:00:00'),
    (19, 17, 8, 'ABSENT', FALSE, '2026-06-30 00:00:00', '2026-06-30 00:00:00'),
    (20, 17, 9, 'ABSENT', FALSE, '2026-06-30 00:00:00', '2026-06-30 00:00:00'),
    (21, 18, 3, 'ABSENT', FALSE, '2026-06-30 00:00:00', '2026-06-30 00:00:00'),
    (22, 18, 4, 'ABSENT', FALSE, '2026-06-30 00:00:00', '2026-06-30 00:00:00'),
    (23, 18, 10, 'ABSENT', FALSE, '2026-06-30 00:00:00', '2026-06-30 00:00:00'),
    (24, 18, 11, 'ABSENT', FALSE, '2026-06-30 00:00:00', '2026-06-30 00:00:00'),
    (25, 18, 12, 'ABSENT', FALSE, '2026-06-30 00:00:00', '2026-06-30 00:00:00'),
    (26, 19, 6, 'ABSENT', FALSE, '2026-06-30 00:00:00', '2026-06-30 00:00:00'),
    (27, 19, 37, 'ABSENT', FALSE, '2026-06-30 00:00:00', '2026-06-30 00:00:00'),
    (28, 19, 38, 'ABSENT', FALSE, '2026-06-30 00:00:00', '2026-06-30 00:00:00'),
    (29, 19, 39, 'ABSENT', FALSE, '2026-06-30 00:00:00', '2026-06-30 00:00:00'),
    (30, 19, 40, 'ABSENT', FALSE, '2026-06-30 00:00:00', '2026-06-30 00:00:00'),
    (31, 20, 1, 'ABSENT', FALSE, '2026-06-30 00:00:00', '2026-06-30 00:00:00'),
    (32, 20, 2, 'ABSENT', FALSE, '2026-06-30 00:00:00', '2026-06-30 00:00:00'),
    (33, 20, 7, 'ABSENT', FALSE, '2026-06-30 00:00:00', '2026-06-30 00:00:00'),
    (34, 20, 8, 'ABSENT', FALSE, '2026-06-30 00:00:00', '2026-06-30 00:00:00'),
    (35, 20, 9, 'ABSENT', FALSE, '2026-06-30 00:00:00', '2026-06-30 00:00:00'),
    (36, 21, 3, 'ABSENT', FALSE, '2026-06-30 00:00:00', '2026-06-30 00:00:00'),
    (37, 21, 4, 'ABSENT', FALSE, '2026-06-30 00:00:00', '2026-06-30 00:00:00'),
    (38, 21, 10, 'ABSENT', FALSE, '2026-06-30 00:00:00', '2026-06-30 00:00:00'),
    (39, 21, 11, 'ABSENT', FALSE, '2026-06-30 00:00:00', '2026-06-30 00:00:00'),
    (40, 21, 12, 'ABSENT', FALSE, '2026-06-30 00:00:00', '2026-06-30 00:00:00'),
    (41, 22, 6, 'ABSENT', FALSE, '2026-06-30 00:00:00', '2026-06-30 00:00:00'),
    (42, 22, 37, 'ABSENT', FALSE, '2026-06-30 00:00:00', '2026-06-30 00:00:00'),
    (43, 22, 38, 'ABSENT', FALSE, '2026-06-30 00:00:00', '2026-06-30 00:00:00'),
    (44, 22, 39, 'ABSENT', FALSE, '2026-06-30 00:00:00', '2026-06-30 00:00:00'),
    (45, 22, 40, 'ABSENT', FALSE, '2026-06-30 00:00:00', '2026-06-30 00:00:00'),
    (46, 23, 1, 'ABSENT', FALSE, '2026-06-30 00:00:00', '2026-06-30 00:00:00'),
    (47, 23, 2, 'ABSENT', FALSE, '2026-06-30 00:00:00', '2026-06-30 00:00:00'),
    (48, 23, 7, 'ABSENT', FALSE, '2026-06-30 00:00:00', '2026-06-30 00:00:00'),
    (49, 23, 8, 'ABSENT', FALSE, '2026-06-30 00:00:00', '2026-06-30 00:00:00'),
    (50, 23, 9, 'ABSENT', FALSE, '2026-06-30 00:00:00', '2026-06-30 00:00:00'),
    (51, 24, 3, 'ABSENT', FALSE, '2026-06-30 00:00:00', '2026-06-30 00:00:00'),
    (52, 24, 4, 'ABSENT', FALSE, '2026-06-30 00:00:00', '2026-06-30 00:00:00'),
    (53, 24, 10, 'ABSENT', FALSE, '2026-06-30 00:00:00', '2026-06-30 00:00:00'),
    (54, 24, 11, 'ABSENT', FALSE, '2026-06-30 00:00:00', '2026-06-30 00:00:00'),
    (55, 24, 12, 'ABSENT', FALSE, '2026-06-30 00:00:00', '2026-06-30 00:00:00'),
    (56, 25, 6, 'ABSENT', FALSE, '2026-06-30 00:00:00', '2026-06-30 00:00:00'),
    (57, 25, 37, 'ABSENT', FALSE, '2026-06-30 00:00:00', '2026-06-30 00:00:00'),
    (58, 25, 38, 'ABSENT', FALSE, '2026-06-30 00:00:00', '2026-06-30 00:00:00'),
    (59, 25, 39, 'ABSENT', FALSE, '2026-06-30 00:00:00', '2026-06-30 00:00:00'),
    (60, 25, 40, 'ABSENT', FALSE, '2026-06-30 00:00:00', '2026-06-30 00:00:00'),
    (61, 26, 1, 'ABSENT', FALSE, '2026-06-30 00:00:00', '2026-06-30 00:00:00'),
    (62, 26, 2, 'ABSENT', FALSE, '2026-06-30 00:00:00', '2026-06-30 00:00:00'),
    (63, 26, 7, 'ABSENT', FALSE, '2026-06-30 00:00:00', '2026-06-30 00:00:00'),
    (64, 26, 8, 'ABSENT', FALSE, '2026-06-30 00:00:00', '2026-06-30 00:00:00'),
    (65, 26, 9, 'ABSENT', FALSE, '2026-06-30 00:00:00', '2026-06-30 00:00:00'),
    (66, 27, 3, 'ABSENT', FALSE, '2026-06-30 00:00:00', '2026-06-30 00:00:00'),
    (67, 27, 4, 'ABSENT', FALSE, '2026-06-30 00:00:00', '2026-06-30 00:00:00'),
    (68, 27, 10, 'ABSENT', FALSE, '2026-06-30 00:00:00', '2026-06-30 00:00:00'),
    (69, 27, 11, 'ABSENT', FALSE, '2026-06-30 00:00:00', '2026-06-30 00:00:00'),
    (70, 27, 12, 'ABSENT', FALSE, '2026-06-30 00:00:00', '2026-06-30 00:00:00'),
    (71, 28, 6, 'ABSENT', FALSE, '2026-06-30 00:00:00', '2026-06-30 00:00:00'),
    (72, 28, 37, 'ABSENT', FALSE, '2026-06-30 00:00:00', '2026-06-30 00:00:00'),
    (73, 28, 38, 'ABSENT', FALSE, '2026-06-30 00:00:00', '2026-06-30 00:00:00'),
    (74, 28, 39, 'ABSENT', FALSE, '2026-06-30 00:00:00', '2026-06-30 00:00:00'),
    (75, 28, 40, 'ABSENT', FALSE, '2026-06-30 00:00:00', '2026-06-30 00:00:00'),
    (76, 29, 1, 'ABSENT', FALSE, '2026-06-30 00:00:00', '2026-06-30 00:00:00'),
    (77, 29, 2, 'ABSENT', FALSE, '2026-06-30 00:00:00', '2026-06-30 00:00:00'),
    (78, 29, 7, 'ABSENT', FALSE, '2026-06-30 00:00:00', '2026-06-30 00:00:00'),
    (79, 29, 8, 'ABSENT', FALSE, '2026-06-30 00:00:00', '2026-06-30 00:00:00'),
    (80, 29, 9, 'ABSENT', FALSE, '2026-06-30 00:00:00', '2026-06-30 00:00:00'),
    (81, 30, 3, 'ABSENT', FALSE, '2026-06-30 00:00:00', '2026-06-30 00:00:00'),
    (82, 30, 4, 'ABSENT', FALSE, '2026-06-30 00:00:00', '2026-06-30 00:00:00'),
    (83, 30, 10, 'ABSENT', FALSE, '2026-06-30 00:00:00', '2026-06-30 00:00:00'),
    (84, 30, 11, 'ABSENT', FALSE, '2026-06-30 00:00:00', '2026-06-30 00:00:00'),
    (85, 30, 12, 'ABSENT', FALSE, '2026-06-30 00:00:00', '2026-06-30 00:00:00'),
    (86, 31, 6, 'ABSENT', FALSE, '2026-06-30 00:00:00', '2026-06-30 00:00:00'),
    (87, 31, 37, 'ABSENT', FALSE, '2026-06-30 00:00:00', '2026-06-30 00:00:00'),
    (88, 31, 38, 'ABSENT', FALSE, '2026-06-30 00:00:00', '2026-06-30 00:00:00'),
    (89, 31, 39, 'ABSENT', FALSE, '2026-06-30 00:00:00', '2026-06-30 00:00:00'),
    (90, 31, 40, 'ABSENT', FALSE, '2026-06-30 00:00:00', '2026-06-30 00:00:00'),
    (91, 32, 1, 'ABSENT', FALSE, '2026-06-30 00:00:00', '2026-06-30 00:00:00'),
    (92, 32, 2, 'ABSENT', FALSE, '2026-06-30 00:00:00', '2026-06-30 00:00:00'),
    (93, 32, 7, 'ABSENT', FALSE, '2026-06-30 00:00:00', '2026-06-30 00:00:00'),
    (94, 32, 8, 'ABSENT', FALSE, '2026-06-30 00:00:00', '2026-06-30 00:00:00'),
    (95, 32, 9, 'ABSENT', FALSE, '2026-06-30 00:00:00', '2026-06-30 00:00:00'),
    (96, 33, 3, 'ABSENT', FALSE, '2026-06-30 00:00:00', '2026-06-30 00:00:00'),
    (97, 33, 4, 'ABSENT', FALSE, '2026-06-30 00:00:00', '2026-06-30 00:00:00'),
    (98, 33, 10, 'ABSENT', FALSE, '2026-06-30 00:00:00', '2026-06-30 00:00:00'),
    (99, 33, 11, 'ABSENT', FALSE, '2026-06-30 00:00:00', '2026-06-30 00:00:00'),
    (100, 33, 12, 'ABSENT', FALSE, '2026-06-30 00:00:00', '2026-06-30 00:00:00'),
    (101, 34, 6, 'ABSENT', FALSE, '2026-06-30 00:00:00', '2026-06-30 00:00:00'),
    (102, 34, 37, 'ABSENT', FALSE, '2026-06-30 00:00:00', '2026-06-30 00:00:00'),
    (103, 34, 38, 'ABSENT', FALSE, '2026-06-30 00:00:00', '2026-06-30 00:00:00'),
    (104, 34, 39, 'ABSENT', FALSE, '2026-06-30 00:00:00', '2026-06-30 00:00:00'),
    (105, 34, 40, 'ABSENT', FALSE, '2026-06-30 00:00:00', '2026-06-30 00:00:00'),
    (106, 35, 1, 'ABSENT', FALSE, '2026-06-30 00:00:00', '2026-06-30 00:00:00'),
    (107, 35, 2, 'ABSENT', FALSE, '2026-06-30 00:00:00', '2026-06-30 00:00:00'),
    (108, 35, 7, 'ABSENT', FALSE, '2026-06-30 00:00:00', '2026-06-30 00:00:00'),
    (109, 35, 8, 'ABSENT', FALSE, '2026-06-30 00:00:00', '2026-06-30 00:00:00'),
    (110, 35, 9, 'ABSENT', FALSE, '2026-06-30 00:00:00', '2026-06-30 00:00:00'),
    (111, 36, 3, 'ABSENT', FALSE, '2026-06-30 00:00:00', '2026-06-30 00:00:00'),
    (112, 36, 4, 'ABSENT', FALSE, '2026-06-30 00:00:00', '2026-06-30 00:00:00'),
    (113, 36, 10, 'ABSENT', FALSE, '2026-06-30 00:00:00', '2026-06-30 00:00:00'),
    (114, 36, 11, 'ABSENT', FALSE, '2026-06-30 00:00:00', '2026-06-30 00:00:00'),
    (115, 36, 12, 'ABSENT', FALSE, '2026-06-30 00:00:00', '2026-06-30 00:00:00'),
    (116, 37, 6, 'ABSENT', FALSE, '2026-06-30 00:00:00', '2026-06-30 00:00:00'),
    (117, 37, 37, 'ABSENT', FALSE, '2026-06-30 00:00:00', '2026-06-30 00:00:00'),
    (118, 37, 38, 'ABSENT', FALSE, '2026-06-30 00:00:00', '2026-06-30 00:00:00'),
    (119, 37, 39, 'ABSENT', FALSE, '2026-06-30 00:00:00', '2026-06-30 00:00:00'),
    (120, 37, 40, 'ABSENT', FALSE, '2026-06-30 00:00:00', '2026-06-30 00:00:00'),
    (121, 38, 1, 'ABSENT', FALSE, '2026-06-30 00:00:00', '2026-06-30 00:00:00'),
    (122, 38, 2, 'ABSENT', FALSE, '2026-06-30 00:00:00', '2026-06-30 00:00:00'),
    (123, 38, 7, 'ABSENT', FALSE, '2026-06-30 00:00:00', '2026-06-30 00:00:00'),
    (124, 38, 8, 'ABSENT', FALSE, '2026-06-30 00:00:00', '2026-06-30 00:00:00'),
    (125, 38, 9, 'ABSENT', FALSE, '2026-06-30 00:00:00', '2026-06-30 00:00:00'),
    (126, 39, 3, 'ABSENT', FALSE, '2026-06-30 00:00:00', '2026-06-30 00:00:00'),
    (127, 39, 4, 'ABSENT', FALSE, '2026-06-30 00:00:00', '2026-06-30 00:00:00'),
    (128, 39, 10, 'ABSENT', FALSE, '2026-06-30 00:00:00', '2026-06-30 00:00:00'),
    (129, 39, 11, 'ABSENT', FALSE, '2026-06-30 00:00:00', '2026-06-30 00:00:00'),
    (130, 39, 12, 'ABSENT', FALSE, '2026-06-30 00:00:00', '2026-06-30 00:00:00'),
    (131, 40, 6, 'ABSENT', FALSE, '2026-06-30 00:00:00', '2026-06-30 00:00:00'),
    (132, 40, 37, 'ABSENT', FALSE, '2026-06-30 00:00:00', '2026-06-30 00:00:00'),
    (133, 40, 38, 'ABSENT', FALSE, '2026-06-30 00:00:00', '2026-06-30 00:00:00'),
    (134, 40, 39, 'ABSENT', FALSE, '2026-06-30 00:00:00', '2026-06-30 00:00:00'),
    (135, 40, 40, 'ABSENT', FALSE, '2026-06-30 00:00:00', '2026-06-30 00:00:00'),
    (136, 41, 1, 'ABSENT', FALSE, '2026-06-30 00:00:00', '2026-06-30 00:00:00'),
    (137, 41, 2, 'ABSENT', FALSE, '2026-06-30 00:00:00', '2026-06-30 00:00:00'),
    (138, 41, 7, 'ABSENT', FALSE, '2026-06-30 00:00:00', '2026-06-30 00:00:00'),
    (139, 41, 8, 'ABSENT', FALSE, '2026-06-30 00:00:00', '2026-06-30 00:00:00'),
    (140, 41, 9, 'ABSENT', FALSE, '2026-06-30 00:00:00', '2026-06-30 00:00:00'),
    (141, 42, 3, 'ABSENT', FALSE, '2026-06-30 00:00:00', '2026-06-30 00:00:00'),
    (142, 42, 4, 'ABSENT', FALSE, '2026-06-30 00:00:00', '2026-06-30 00:00:00'),
    (143, 42, 10, 'ABSENT', FALSE, '2026-06-30 00:00:00', '2026-06-30 00:00:00'),
    (144, 42, 11, 'ABSENT', FALSE, '2026-06-30 00:00:00', '2026-06-30 00:00:00'),
    (145, 42, 12, 'ABSENT', FALSE, '2026-06-30 00:00:00', '2026-06-30 00:00:00'),
    (146, 43, 6, 'ABSENT', FALSE, '2026-06-30 00:00:00', '2026-06-30 00:00:00'),
    (147, 43, 37, 'ABSENT', FALSE, '2026-06-30 00:00:00', '2026-06-30 00:00:00'),
    (148, 43, 38, 'ABSENT', FALSE, '2026-06-30 00:00:00', '2026-06-30 00:00:00'),
    (149, 43, 39, 'ABSENT', FALSE, '2026-06-30 00:00:00', '2026-06-30 00:00:00'),
    (150, 43, 40, 'ABSENT', FALSE, '2026-06-30 00:00:00', '2026-06-30 00:00:00'),
    (151, 44, 1, 'ABSENT', FALSE, '2026-06-30 00:00:00', '2026-06-30 00:00:00'),
    (152, 44, 2, 'ABSENT', FALSE, '2026-06-30 00:00:00', '2026-06-30 00:00:00'),
    (153, 44, 7, 'ABSENT', FALSE, '2026-06-30 00:00:00', '2026-06-30 00:00:00'),
    (154, 44, 8, 'ABSENT', FALSE, '2026-06-30 00:00:00', '2026-06-30 00:00:00'),
    (155, 44, 9, 'ABSENT', FALSE, '2026-06-30 00:00:00', '2026-06-30 00:00:00'),
    (156, 45, 3, 'ABSENT', FALSE, '2026-06-30 00:00:00', '2026-06-30 00:00:00'),
    (157, 45, 4, 'ABSENT', FALSE, '2026-06-30 00:00:00', '2026-06-30 00:00:00'),
    (158, 45, 10, 'ABSENT', FALSE, '2026-06-30 00:00:00', '2026-06-30 00:00:00'),
    (159, 45, 11, 'ABSENT', FALSE, '2026-06-30 00:00:00', '2026-06-30 00:00:00'),
    (160, 45, 12, 'ABSENT', FALSE, '2026-06-30 00:00:00', '2026-06-30 00:00:00'),
    (161, 46, 6, 'ABSENT', FALSE, '2026-06-30 00:00:00', '2026-06-30 00:00:00'),
    (162, 46, 37, 'ABSENT', FALSE, '2026-06-30 00:00:00', '2026-06-30 00:00:00'),
    (163, 46, 38, 'ABSENT', FALSE, '2026-06-30 00:00:00', '2026-06-30 00:00:00'),
    (164, 46, 39, 'ABSENT', FALSE, '2026-06-30 00:00:00', '2026-06-30 00:00:00'),
    (165, 46, 40, 'ABSENT', FALSE, '2026-06-30 00:00:00', '2026-06-30 00:00:00'),
    (166, 47, 1, 'ABSENT', FALSE, '2026-06-30 00:00:00', '2026-06-30 00:00:00'),
    (167, 47, 2, 'ABSENT', FALSE, '2026-06-30 00:00:00', '2026-06-30 00:00:00'),
    (168, 47, 7, 'ABSENT', FALSE, '2026-06-30 00:00:00', '2026-06-30 00:00:00'),
    (169, 47, 8, 'ABSENT', FALSE, '2026-06-30 00:00:00', '2026-06-30 00:00:00'),
    (170, 47, 9, 'ABSENT', FALSE, '2026-06-30 00:00:00', '2026-06-30 00:00:00'),
    (171, 48, 3, 'ABSENT', FALSE, '2026-06-30 00:00:00', '2026-06-30 00:00:00'),
    (172, 48, 4, 'ABSENT', FALSE, '2026-06-30 00:00:00', '2026-06-30 00:00:00'),
    (173, 48, 10, 'ABSENT', FALSE, '2026-06-30 00:00:00', '2026-06-30 00:00:00'),
    (174, 48, 11, 'ABSENT', FALSE, '2026-06-30 00:00:00', '2026-06-30 00:00:00'),
    (175, 48, 12, 'ABSENT', FALSE, '2026-06-30 00:00:00', '2026-06-30 00:00:00'),
    (176, 49, 6, 'ABSENT', FALSE, '2026-06-30 00:00:00', '2026-06-30 00:00:00'),
    (177, 49, 37, 'ABSENT', FALSE, '2026-06-30 00:00:00', '2026-06-30 00:00:00'),
    (178, 49, 38, 'ABSENT', FALSE, '2026-06-30 00:00:00', '2026-06-30 00:00:00'),
    (179, 49, 39, 'ABSENT', FALSE, '2026-06-30 00:00:00', '2026-06-30 00:00:00'),
    (180, 49, 40, 'ABSENT', FALSE, '2026-06-30 00:00:00', '2026-06-30 00:00:00'),
    (181, 50, 1, 'ABSENT', FALSE, '2026-06-30 00:00:00', '2026-06-30 00:00:00'),
    (182, 50, 2, 'ABSENT', FALSE, '2026-06-30 00:00:00', '2026-06-30 00:00:00'),
    (183, 50, 7, 'ABSENT', FALSE, '2026-06-30 00:00:00', '2026-06-30 00:00:00'),
    (184, 50, 8, 'ABSENT', FALSE, '2026-06-30 00:00:00', '2026-06-30 00:00:00'),
    (185, 50, 9, 'ABSENT', FALSE, '2026-06-30 00:00:00', '2026-06-30 00:00:00'),
    (186, 51, 3, 'ABSENT', FALSE, '2026-06-30 00:00:00', '2026-06-30 00:00:00'),
    (187, 51, 4, 'ABSENT', FALSE, '2026-06-30 00:00:00', '2026-06-30 00:00:00'),
    (188, 51, 10, 'ABSENT', FALSE, '2026-06-30 00:00:00', '2026-06-30 00:00:00'),
    (189, 51, 11, 'ABSENT', FALSE, '2026-06-30 00:00:00', '2026-06-30 00:00:00'),
    (190, 51, 12, 'ABSENT', FALSE, '2026-06-30 00:00:00', '2026-06-30 00:00:00'),
    (191, 52, 6, 'ABSENT', FALSE, '2026-06-30 00:00:00', '2026-06-30 00:00:00'),
    (192, 52, 37, 'ABSENT', FALSE, '2026-06-30 00:00:00', '2026-06-30 00:00:00'),
    (193, 52, 38, 'ABSENT', FALSE, '2026-06-30 00:00:00', '2026-06-30 00:00:00'),
    (194, 52, 39, 'ABSENT', FALSE, '2026-06-30 00:00:00', '2026-06-30 00:00:00'),
    (195, 52, 40, 'ABSENT', FALSE, '2026-06-30 00:00:00', '2026-06-30 00:00:00'),
    (196, 53, 1, 'ABSENT', FALSE, '2026-06-30 00:00:00', '2026-06-30 00:00:00'),
    (197, 53, 2, 'ABSENT', FALSE, '2026-06-30 00:00:00', '2026-06-30 00:00:00'),
    (198, 53, 7, 'ABSENT', FALSE, '2026-06-30 00:00:00', '2026-06-30 00:00:00'),
    (199, 53, 8, 'ABSENT', FALSE, '2026-06-30 00:00:00', '2026-06-30 00:00:00'),
    (200, 53, 9, 'ABSENT', FALSE, '2026-06-30 00:00:00', '2026-06-30 00:00:00'),
    (201, 54, 3, 'ABSENT', FALSE, '2026-06-30 00:00:00', '2026-06-30 00:00:00'),
    (202, 54, 4, 'ABSENT', FALSE, '2026-06-30 00:00:00', '2026-06-30 00:00:00'),
    (203, 54, 10, 'ABSENT', FALSE, '2026-06-30 00:00:00', '2026-06-30 00:00:00'),
    (204, 54, 11, 'ABSENT', FALSE, '2026-06-30 00:00:00', '2026-06-30 00:00:00'),
    (205, 54, 12, 'ABSENT', FALSE, '2026-06-30 00:00:00', '2026-06-30 00:00:00'),
    (206, 55, 6, 'ABSENT', FALSE, '2026-06-30 00:00:00', '2026-06-30 00:00:00'),
    (207, 55, 37, 'ABSENT', FALSE, '2026-06-30 00:00:00', '2026-06-30 00:00:00'),
    (208, 55, 38, 'ABSENT', FALSE, '2026-06-30 00:00:00', '2026-06-30 00:00:00'),
    (209, 55, 39, 'ABSENT', FALSE, '2026-06-30 00:00:00', '2026-06-30 00:00:00'),
    (210, 55, 40, 'ABSENT', FALSE, '2026-06-30 00:00:00', '2026-06-30 00:00:00'),
    (211, 56, 1, 'ABSENT', FALSE, '2026-06-30 00:00:00', '2026-06-30 00:00:00'),
    (212, 56, 2, 'ABSENT', FALSE, '2026-06-30 00:00:00', '2026-06-30 00:00:00'),
    (213, 56, 7, 'ABSENT', FALSE, '2026-06-30 00:00:00', '2026-06-30 00:00:00'),
    (214, 56, 8, 'ABSENT', FALSE, '2026-06-30 00:00:00', '2026-06-30 00:00:00'),
    (215, 56, 9, 'ABSENT', FALSE, '2026-06-30 00:00:00', '2026-06-30 00:00:00'),
    (216, 57, 3, 'ABSENT', FALSE, '2026-06-30 00:00:00', '2026-06-30 00:00:00'),
    (217, 57, 4, 'ABSENT', FALSE, '2026-06-30 00:00:00', '2026-06-30 00:00:00'),
    (218, 57, 10, 'ABSENT', FALSE, '2026-06-30 00:00:00', '2026-06-30 00:00:00'),
    (219, 57, 11, 'ABSENT', FALSE, '2026-06-30 00:00:00', '2026-06-30 00:00:00'),
    (220, 57, 12, 'ABSENT', FALSE, '2026-06-30 00:00:00', '2026-06-30 00:00:00'),
    (221, 58, 6, 'ABSENT', FALSE, '2026-06-30 00:00:00', '2026-06-30 00:00:00'),
    (222, 58, 37, 'ABSENT', FALSE, '2026-06-30 00:00:00', '2026-06-30 00:00:00'),
    (223, 58, 38, 'ABSENT', FALSE, '2026-06-30 00:00:00', '2026-06-30 00:00:00'),
    (224, 58, 39, 'ABSENT', FALSE, '2026-06-30 00:00:00', '2026-06-30 00:00:00'),
    (225, 58, 40, 'ABSENT', FALSE, '2026-06-30 00:00:00', '2026-06-30 00:00:00'),
    (226, 59, 1, 'ABSENT', FALSE, '2026-06-30 00:00:00', '2026-06-30 00:00:00'),
    (227, 59, 2, 'ABSENT', FALSE, '2026-06-30 00:00:00', '2026-06-30 00:00:00'),
    (228, 59, 7, 'ABSENT', FALSE, '2026-06-30 00:00:00', '2026-06-30 00:00:00'),
    (229, 59, 8, 'ABSENT', FALSE, '2026-06-30 00:00:00', '2026-06-30 00:00:00'),
    (230, 59, 9, 'ABSENT', FALSE, '2026-06-30 00:00:00', '2026-06-30 00:00:00'),
    (231, 60, 3, 'ABSENT', FALSE, '2026-06-30 00:00:00', '2026-06-30 00:00:00'),
    (232, 60, 4, 'ABSENT', FALSE, '2026-06-30 00:00:00', '2026-06-30 00:00:00'),
    (233, 60, 10, 'ABSENT', FALSE, '2026-06-30 00:00:00', '2026-06-30 00:00:00'),
    (234, 60, 11, 'ABSENT', FALSE, '2026-06-30 00:00:00', '2026-06-30 00:00:00'),
    (235, 60, 12, 'ABSENT', FALSE, '2026-06-30 00:00:00', '2026-06-30 00:00:00'),
    (236, 61, 6, 'ABSENT', FALSE, '2026-06-30 00:00:00', '2026-06-30 00:00:00'),
    (237, 61, 37, 'ABSENT', FALSE, '2026-06-30 00:00:00', '2026-06-30 00:00:00'),
    (238, 61, 38, 'ABSENT', FALSE, '2026-06-30 00:00:00', '2026-06-30 00:00:00'),
    (239, 61, 39, 'ABSENT', FALSE, '2026-06-30 00:00:00', '2026-06-30 00:00:00'),
    (240, 61, 40, 'ABSENT', FALSE, '2026-06-30 00:00:00', '2026-06-30 00:00:00'),
    (241, 62, 1, 'ABSENT', FALSE, '2026-06-30 00:00:00', '2026-06-30 00:00:00'),
    (242, 62, 2, 'ABSENT', FALSE, '2026-06-30 00:00:00', '2026-06-30 00:00:00'),
    (243, 62, 7, 'ABSENT', FALSE, '2026-06-30 00:00:00', '2026-06-30 00:00:00'),
    (244, 62, 8, 'ABSENT', FALSE, '2026-06-30 00:00:00', '2026-06-30 00:00:00'),
    (245, 62, 9, 'ABSENT', FALSE, '2026-06-30 00:00:00', '2026-06-30 00:00:00'),
    (246, 63, 3, 'ABSENT', FALSE, '2026-06-30 00:00:00', '2026-06-30 00:00:00'),
    (247, 63, 4, 'ABSENT', FALSE, '2026-06-30 00:00:00', '2026-06-30 00:00:00'),
    (248, 63, 10, 'ABSENT', FALSE, '2026-06-30 00:00:00', '2026-06-30 00:00:00'),
    (249, 63, 11, 'ABSENT', FALSE, '2026-06-30 00:00:00', '2026-06-30 00:00:00'),
    (250, 63, 12, 'ABSENT', FALSE, '2026-06-30 00:00:00', '2026-06-30 00:00:00'),
    (251, 64, 6, 'ABSENT', FALSE, '2026-06-30 00:00:00', '2026-06-30 00:00:00'),
    (252, 64, 37, 'ABSENT', FALSE, '2026-06-30 00:00:00', '2026-06-30 00:00:00'),
    (253, 64, 38, 'ABSENT', FALSE, '2026-06-30 00:00:00', '2026-06-30 00:00:00'),
    (254, 64, 39, 'ABSENT', FALSE, '2026-06-30 00:00:00', '2026-06-30 00:00:00'),
    (255, 64, 40, 'ABSENT', FALSE, '2026-06-30 00:00:00', '2026-06-30 00:00:00'),
    (256, 11, 1, 'ABSENT', FALSE, '2026-06-30 00:00:00', '2026-06-30 00:00:00'),
    (257, 11, 2, 'ABSENT', FALSE, '2026-06-30 00:00:00', '2026-06-30 00:00:00'),
    (258, 11, 7, 'ABSENT', FALSE, '2026-06-30 00:00:00', '2026-06-30 00:00:00'),
    (259, 11, 8, 'ABSENT', FALSE, '2026-06-30 00:00:00', '2026-06-30 00:00:00'),
    (260, 11, 9, 'ABSENT', FALSE, '2026-06-30 00:00:00', '2026-06-30 00:00:00'),
    (261, 12, 3, 'ABSENT', FALSE, '2026-06-30 00:00:00', '2026-06-30 00:00:00'),
    (262, 12, 4, 'ABSENT', FALSE, '2026-06-30 00:00:00', '2026-06-30 00:00:00'),
    (263, 12, 10, 'ABSENT', FALSE, '2026-06-30 00:00:00', '2026-06-30 00:00:00'),
    (264, 12, 11, 'ABSENT', FALSE, '2026-06-30 00:00:00', '2026-06-30 00:00:00'),
    (265, 12, 12, 'ABSENT', FALSE, '2026-06-30 00:00:00', '2026-06-30 00:00:00'),
    (266, 13, 6, 'ABSENT', FALSE, '2026-06-30 00:00:00', '2026-06-30 00:00:00'),
    (267, 13, 37, 'ABSENT', FALSE, '2026-06-30 00:00:00', '2026-06-30 00:00:00'),
    (268, 13, 38, 'ABSENT', FALSE, '2026-06-30 00:00:00', '2026-06-30 00:00:00'),
    (269, 13, 39, 'ABSENT', FALSE, '2026-06-30 00:00:00', '2026-06-30 00:00:00'),
    (270, 13, 40, 'ABSENT', FALSE, '2026-06-30 00:00:00', '2026-06-30 00:00:00'),
    (271, 1, 1, 'ABSENT', FALSE, '2026-06-30 00:00:00', '2026-06-30 00:00:00'),
    (272, 1, 2, 'ABSENT', FALSE, '2026-06-30 00:00:00', '2026-06-30 00:00:00'),
    (273, 1, 7, 'ABSENT', FALSE, '2026-06-30 00:00:00', '2026-06-30 00:00:00'),
    (274, 1, 8, 'ABSENT', FALSE, '2026-06-30 00:00:00', '2026-06-30 00:00:00'),
    (275, 1, 9, 'ABSENT', FALSE, '2026-06-30 00:00:00', '2026-06-30 00:00:00'),
    (276, 65, 3, 'ABSENT', FALSE, '2026-06-30 00:00:00', '2026-06-30 00:00:00'),
    (277, 65, 4, 'ABSENT', FALSE, '2026-06-30 00:00:00', '2026-06-30 00:00:00'),
    (278, 65, 10, 'ABSENT', FALSE, '2026-06-30 00:00:00', '2026-06-30 00:00:00'),
    (279, 65, 11, 'ABSENT', FALSE, '2026-06-30 00:00:00', '2026-06-30 00:00:00'),
    (280, 65, 12, 'ABSENT', FALSE, '2026-06-30 00:00:00', '2026-06-30 00:00:00'),
    (281, 66, 6, 'ABSENT', FALSE, '2026-06-30 00:00:00', '2026-06-30 00:00:00'),
    (282, 66, 37, 'ABSENT', FALSE, '2026-06-30 00:00:00', '2026-06-30 00:00:00'),
    (283, 66, 38, 'ABSENT', FALSE, '2026-06-30 00:00:00', '2026-06-30 00:00:00'),
    (284, 66, 39, 'ABSENT', FALSE, '2026-06-30 00:00:00', '2026-06-30 00:00:00'),
    (285, 66, 40, 'ABSENT', FALSE, '2026-06-30 00:00:00', '2026-06-30 00:00:00'),
    (286, 67, 1, 'ABSENT', FALSE, '2026-06-30 00:00:00', '2026-06-30 00:00:00'),
    (287, 67, 2, 'ABSENT', FALSE, '2026-06-30 00:00:00', '2026-06-30 00:00:00'),
    (288, 67, 7, 'ABSENT', FALSE, '2026-06-30 00:00:00', '2026-06-30 00:00:00'),
    (289, 67, 8, 'ABSENT', FALSE, '2026-06-30 00:00:00', '2026-06-30 00:00:00'),
    (290, 67, 9, 'ABSENT', FALSE, '2026-06-30 00:00:00', '2026-06-30 00:00:00'),
    (291, 2, 3, 'ABSENT', FALSE, '2026-06-30 00:00:00', '2026-06-30 00:00:00'),
    (292, 2, 4, 'ABSENT', FALSE, '2026-06-30 00:00:00', '2026-06-30 00:00:00'),
    (293, 2, 10, 'ABSENT', FALSE, '2026-06-30 00:00:00', '2026-06-30 00:00:00'),
    (294, 2, 11, 'ABSENT', FALSE, '2026-06-30 00:00:00', '2026-06-30 00:00:00'),
    (295, 2, 12, 'ABSENT', FALSE, '2026-06-30 00:00:00', '2026-06-30 00:00:00'),
    (296, 68, 6, 'ABSENT', FALSE, '2026-06-30 00:00:00', '2026-06-30 00:00:00'),
    (297, 68, 37, 'ABSENT', FALSE, '2026-06-30 00:00:00', '2026-06-30 00:00:00'),
    (298, 68, 38, 'ABSENT', FALSE, '2026-06-30 00:00:00', '2026-06-30 00:00:00'),
    (299, 68, 39, 'ABSENT', FALSE, '2026-06-30 00:00:00', '2026-06-30 00:00:00'),
    (300, 68, 40, 'ABSENT', FALSE, '2026-06-30 00:00:00', '2026-06-30 00:00:00'),
    (301, 3, 1, 'ABSENT', FALSE, '2026-06-30 00:00:00', '2026-06-30 00:00:00'),
    (302, 3, 2, 'ABSENT', FALSE, '2026-06-30 00:00:00', '2026-06-30 00:00:00'),
    (303, 3, 7, 'ABSENT', FALSE, '2026-06-30 00:00:00', '2026-06-30 00:00:00'),
    (304, 3, 8, 'ABSENT', FALSE, '2026-06-30 00:00:00', '2026-06-30 00:00:00'),
    (305, 3, 9, 'ABSENT', FALSE, '2026-06-30 00:00:00', '2026-06-30 00:00:00'),
    (306, 4, 3, 'ABSENT', FALSE, '2026-06-30 00:00:00', '2026-06-30 00:00:00'),
    (307, 4, 4, 'ABSENT', FALSE, '2026-06-30 00:00:00', '2026-06-30 00:00:00'),
    (308, 4, 10, 'ABSENT', FALSE, '2026-06-30 00:00:00', '2026-06-30 00:00:00'),
    (309, 4, 11, 'ABSENT', FALSE, '2026-06-30 00:00:00', '2026-06-30 00:00:00'),
    (310, 4, 12, 'ABSENT', FALSE, '2026-06-30 00:00:00', '2026-06-30 00:00:00'),
    (311, 5, 6, 'ABSENT', FALSE, '2026-06-30 00:00:00', '2026-06-30 00:00:00'),
    (312, 5, 37, 'ABSENT', FALSE, '2026-06-30 00:00:00', '2026-06-30 00:00:00'),
    (313, 5, 38, 'ABSENT', FALSE, '2026-06-30 00:00:00', '2026-06-30 00:00:00'),
    (314, 5, 39, 'ABSENT', FALSE, '2026-06-30 00:00:00', '2026-06-30 00:00:00'),
    (315, 5, 40, 'ABSENT', FALSE, '2026-06-30 00:00:00', '2026-06-30 00:00:00'),
    (316, 69, 1, 'ABSENT', FALSE, '2026-06-30 00:00:00', '2026-06-30 00:00:00'),
    (317, 69, 2, 'ABSENT', FALSE, '2026-06-30 00:00:00', '2026-06-30 00:00:00'),
    (318, 69, 7, 'ABSENT', FALSE, '2026-06-30 00:00:00', '2026-06-30 00:00:00'),
    (319, 69, 8, 'ABSENT', FALSE, '2026-06-30 00:00:00', '2026-06-30 00:00:00'),
    (320, 69, 9, 'ABSENT', FALSE, '2026-06-30 00:00:00', '2026-06-30 00:00:00'),
    (321, 70, 13, 'ABSENT', FALSE, '2026-06-30 00:00:00', '2026-06-30 00:00:00'),
    (322, 70, 14, 'ABSENT', FALSE, '2026-06-30 00:00:00', '2026-06-30 00:00:00'),
    (323, 70, 15, 'ABSENT', FALSE, '2026-06-30 00:00:00', '2026-06-30 00:00:00'),
    (324, 70, 16, 'ABSENT', FALSE, '2026-06-30 00:00:00', '2026-06-30 00:00:00'),
    (325, 70, 17, 'ABSENT', FALSE, '2026-06-30 00:00:00', '2026-06-30 00:00:00'),
    (326, 71, 18, 'ABSENT', FALSE, '2026-06-30 00:00:00', '2026-06-30 00:00:00'),
    (327, 71, 19, 'ABSENT', FALSE, '2026-06-30 00:00:00', '2026-06-30 00:00:00'),
    (328, 71, 20, 'ABSENT', FALSE, '2026-06-30 00:00:00', '2026-06-30 00:00:00'),
    (329, 71, 21, 'ABSENT', FALSE, '2026-06-30 00:00:00', '2026-06-30 00:00:00'),
    (330, 71, 22, 'ABSENT', FALSE, '2026-06-30 00:00:00', '2026-06-30 00:00:00'),
    (331, 72, 41, 'ABSENT', FALSE, '2026-06-30 00:00:00', '2026-06-30 00:00:00'),
    (332, 72, 42, 'ABSENT', FALSE, '2026-06-30 00:00:00', '2026-06-30 00:00:00'),
    (333, 72, 43, 'ABSENT', FALSE, '2026-06-30 00:00:00', '2026-06-30 00:00:00'),
    (334, 72, 44, 'ABSENT', FALSE, '2026-06-30 00:00:00', '2026-06-30 00:00:00'),
    (335, 72, 45, 'ABSENT', FALSE, '2026-06-30 00:00:00', '2026-06-30 00:00:00'),
    (336, 73, 23, 'ABSENT', FALSE, '2026-06-30 00:00:00', '2026-06-30 00:00:00'),
    (337, 73, 24, 'ABSENT', FALSE, '2026-06-30 00:00:00', '2026-06-30 00:00:00'),
    (338, 73, 25, 'ABSENT', FALSE, '2026-06-30 00:00:00', '2026-06-30 00:00:00'),
    (339, 73, 26, 'ABSENT', FALSE, '2026-06-30 00:00:00', '2026-06-30 00:00:00'),
    (340, 73, 27, 'ABSENT', FALSE, '2026-06-30 00:00:00', '2026-06-30 00:00:00'),
    (341, 74, 5, 'ABSENT', FALSE, '2026-06-30 00:00:00', '2026-06-30 00:00:00'),
    (342, 74, 28, 'ABSENT', FALSE, '2026-06-30 00:00:00', '2026-06-30 00:00:00'),
    (343, 74, 29, 'ABSENT', FALSE, '2026-06-30 00:00:00', '2026-06-30 00:00:00'),
    (344, 74, 30, 'ABSENT', FALSE, '2026-06-30 00:00:00', '2026-06-30 00:00:00'),
    (345, 74, 31, 'ABSENT', FALSE, '2026-06-30 00:00:00', '2026-06-30 00:00:00'),
    (346, 75, 3, 'ABSENT', FALSE, '2026-06-30 00:00:00', '2026-06-30 00:00:00'),
    (347, 75, 4, 'ABSENT', FALSE, '2026-06-30 00:00:00', '2026-06-30 00:00:00'),
    (348, 75, 10, 'ABSENT', FALSE, '2026-06-30 00:00:00', '2026-06-30 00:00:00'),
    (349, 75, 11, 'ABSENT', FALSE, '2026-06-30 00:00:00', '2026-06-30 00:00:00'),
    (350, 75, 12, 'ABSENT', FALSE, '2026-06-30 00:00:00', '2026-06-30 00:00:00'),
    (351, 76, 32, 'ABSENT', FALSE, '2026-06-30 00:00:00', '2026-06-30 00:00:00'),
    (352, 76, 33, 'ABSENT', FALSE, '2026-06-30 00:00:00', '2026-06-30 00:00:00'),
    (353, 76, 34, 'ABSENT', FALSE, '2026-06-30 00:00:00', '2026-06-30 00:00:00'),
    (354, 76, 35, 'ABSENT', FALSE, '2026-06-30 00:00:00', '2026-06-30 00:00:00'),
    (355, 76, 36, 'ABSENT', FALSE, '2026-06-30 00:00:00', '2026-06-30 00:00:00'),
    (356, 77, 6, 'ABSENT', FALSE, '2026-06-30 00:00:00', '2026-06-30 00:00:00'),
    (357, 77, 37, 'ABSENT', FALSE, '2026-06-30 00:00:00', '2026-06-30 00:00:00'),
    (358, 77, 38, 'ABSENT', FALSE, '2026-06-30 00:00:00', '2026-06-30 00:00:00'),
    (359, 77, 39, 'ABSENT', FALSE, '2026-06-30 00:00:00', '2026-06-30 00:00:00'),
    (360, 77, 40, 'ABSENT', FALSE, '2026-06-30 00:00:00', '2026-06-30 00:00:00'),
    (361, 78, 1, 'ABSENT', FALSE, '2026-06-30 00:00:00', '2026-06-30 00:00:00'),
    (362, 78, 2, 'ABSENT', FALSE, '2026-06-30 00:00:00', '2026-06-30 00:00:00'),
    (363, 78, 7, 'ABSENT', FALSE, '2026-06-30 00:00:00', '2026-06-30 00:00:00'),
    (364, 78, 8, 'ABSENT', FALSE, '2026-06-30 00:00:00', '2026-06-30 00:00:00'),
    (365, 78, 9, 'ABSENT', FALSE, '2026-06-30 00:00:00', '2026-06-30 00:00:00'),
    (366, 79, 13, 'ABSENT', FALSE, '2026-06-30 00:00:00', '2026-06-30 00:00:00'),
    (367, 79, 14, 'ABSENT', FALSE, '2026-06-30 00:00:00', '2026-06-30 00:00:00'),
    (368, 79, 15, 'ABSENT', FALSE, '2026-06-30 00:00:00', '2026-06-30 00:00:00'),
    (369, 79, 16, 'ABSENT', FALSE, '2026-06-30 00:00:00', '2026-06-30 00:00:00'),
    (370, 79, 17, 'ABSENT', FALSE, '2026-06-30 00:00:00', '2026-06-30 00:00:00'),
    (371, 80, 18, 'ABSENT', FALSE, '2026-06-30 00:00:00', '2026-06-30 00:00:00'),
    (372, 80, 19, 'ABSENT', FALSE, '2026-06-30 00:00:00', '2026-06-30 00:00:00'),
    (373, 80, 20, 'ABSENT', FALSE, '2026-06-30 00:00:00', '2026-06-30 00:00:00'),
    (374, 80, 21, 'ABSENT', FALSE, '2026-06-30 00:00:00', '2026-06-30 00:00:00'),
    (375, 80, 22, 'ABSENT', FALSE, '2026-06-30 00:00:00', '2026-06-30 00:00:00'),
    (376, 81, 41, 'ABSENT', FALSE, '2026-06-30 00:00:00', '2026-06-30 00:00:00'),
    (377, 81, 42, 'ABSENT', FALSE, '2026-06-30 00:00:00', '2026-06-30 00:00:00'),
    (378, 81, 43, 'ABSENT', FALSE, '2026-06-30 00:00:00', '2026-06-30 00:00:00'),
    (379, 81, 44, 'ABSENT', FALSE, '2026-06-30 00:00:00', '2026-06-30 00:00:00'),
    (380, 81, 45, 'ABSENT', FALSE, '2026-06-30 00:00:00', '2026-06-30 00:00:00'),
    (381, 82, 23, 'ABSENT', FALSE, '2026-06-30 00:00:00', '2026-06-30 00:00:00'),
    (382, 82, 24, 'ABSENT', FALSE, '2026-06-30 00:00:00', '2026-06-30 00:00:00'),
    (383, 82, 25, 'ABSENT', FALSE, '2026-06-30 00:00:00', '2026-06-30 00:00:00'),
    (384, 82, 26, 'ABSENT', FALSE, '2026-06-30 00:00:00', '2026-06-30 00:00:00'),
    (385, 82, 27, 'ABSENT', FALSE, '2026-06-30 00:00:00', '2026-06-30 00:00:00'),
    (386, 83, 5, 'ABSENT', FALSE, '2026-06-30 00:00:00', '2026-06-30 00:00:00'),
    (387, 83, 28, 'ABSENT', FALSE, '2026-06-30 00:00:00', '2026-06-30 00:00:00'),
    (388, 83, 29, 'ABSENT', FALSE, '2026-06-30 00:00:00', '2026-06-30 00:00:00'),
    (389, 83, 30, 'ABSENT', FALSE, '2026-06-30 00:00:00', '2026-06-30 00:00:00'),
    (390, 83, 31, 'ABSENT', FALSE, '2026-06-30 00:00:00', '2026-06-30 00:00:00'),
    (391, 84, 3, 'ABSENT', FALSE, '2026-06-30 00:00:00', '2026-06-30 00:00:00'),
    (392, 84, 4, 'ABSENT', FALSE, '2026-06-30 00:00:00', '2026-06-30 00:00:00'),
    (393, 84, 10, 'ABSENT', FALSE, '2026-06-30 00:00:00', '2026-06-30 00:00:00'),
    (394, 84, 11, 'ABSENT', FALSE, '2026-06-30 00:00:00', '2026-06-30 00:00:00'),
    (395, 84, 12, 'ABSENT', FALSE, '2026-06-30 00:00:00', '2026-06-30 00:00:00'),
    (396, 85, 32, 'ABSENT', FALSE, '2026-06-30 00:00:00', '2026-06-30 00:00:00'),
    (397, 85, 33, 'ABSENT', FALSE, '2026-06-30 00:00:00', '2026-06-30 00:00:00'),
    (398, 85, 34, 'ABSENT', FALSE, '2026-06-30 00:00:00', '2026-06-30 00:00:00'),
    (399, 85, 35, 'ABSENT', FALSE, '2026-06-30 00:00:00', '2026-06-30 00:00:00'),
    (400, 85, 36, 'ABSENT', FALSE, '2026-06-30 00:00:00', '2026-06-30 00:00:00'),
    (401, 86, 6, 'ABSENT', FALSE, '2026-06-30 00:00:00', '2026-06-30 00:00:00'),
    (402, 86, 37, 'ABSENT', FALSE, '2026-06-30 00:00:00', '2026-06-30 00:00:00'),
    (403, 86, 38, 'ABSENT', FALSE, '2026-06-30 00:00:00', '2026-06-30 00:00:00'),
    (404, 86, 39, 'ABSENT', FALSE, '2026-06-30 00:00:00', '2026-06-30 00:00:00'),
    (405, 86, 40, 'ABSENT', FALSE, '2026-06-30 00:00:00', '2026-06-30 00:00:00'),
    (406, 87, 1, 'ABSENT', FALSE, '2026-06-30 00:00:00', '2026-06-30 00:00:00'),
    (407, 87, 2, 'ABSENT', FALSE, '2026-06-30 00:00:00', '2026-06-30 00:00:00'),
    (408, 87, 7, 'ABSENT', FALSE, '2026-06-30 00:00:00', '2026-06-30 00:00:00'),
    (409, 87, 8, 'ABSENT', FALSE, '2026-06-30 00:00:00', '2026-06-30 00:00:00'),
    (410, 87, 9, 'ABSENT', FALSE, '2026-06-30 00:00:00', '2026-06-30 00:00:00'),
    (411, 88, 13, 'ABSENT', FALSE, '2026-06-30 00:00:00', '2026-06-30 00:00:00'),
    (412, 88, 14, 'ABSENT', FALSE, '2026-06-30 00:00:00', '2026-06-30 00:00:00'),
    (413, 88, 15, 'ABSENT', FALSE, '2026-06-30 00:00:00', '2026-06-30 00:00:00'),
    (414, 88, 16, 'ABSENT', FALSE, '2026-06-30 00:00:00', '2026-06-30 00:00:00'),
    (415, 88, 17, 'ABSENT', FALSE, '2026-06-30 00:00:00', '2026-06-30 00:00:00'),
    (416, 89, 18, 'ABSENT', FALSE, '2026-06-30 00:00:00', '2026-06-30 00:00:00'),
    (417, 89, 19, 'ABSENT', FALSE, '2026-06-30 00:00:00', '2026-06-30 00:00:00'),
    (418, 89, 20, 'ABSENT', FALSE, '2026-06-30 00:00:00', '2026-06-30 00:00:00'),
    (419, 89, 21, 'ABSENT', FALSE, '2026-06-30 00:00:00', '2026-06-30 00:00:00'),
    (420, 89, 22, 'ABSENT', FALSE, '2026-06-30 00:00:00', '2026-06-30 00:00:00'),
    (421, 90, 41, 'ABSENT', FALSE, '2026-06-30 00:00:00', '2026-06-30 00:00:00'),
    (422, 90, 42, 'ABSENT', FALSE, '2026-06-30 00:00:00', '2026-06-30 00:00:00'),
    (423, 90, 43, 'ABSENT', FALSE, '2026-06-30 00:00:00', '2026-06-30 00:00:00'),
    (424, 90, 44, 'ABSENT', FALSE, '2026-06-30 00:00:00', '2026-06-30 00:00:00'),
    (425, 90, 45, 'ABSENT', FALSE, '2026-06-30 00:00:00', '2026-06-30 00:00:00'),
    (426, 91, 23, 'ABSENT', FALSE, '2026-06-30 00:00:00', '2026-06-30 00:00:00'),
    (427, 91, 24, 'ABSENT', FALSE, '2026-06-30 00:00:00', '2026-06-30 00:00:00'),
    (428, 91, 25, 'ABSENT', FALSE, '2026-06-30 00:00:00', '2026-06-30 00:00:00'),
    (429, 91, 26, 'ABSENT', FALSE, '2026-06-30 00:00:00', '2026-06-30 00:00:00'),
    (430, 91, 27, 'ABSENT', FALSE, '2026-06-30 00:00:00', '2026-06-30 00:00:00'),
    (431, 92, 5, 'ABSENT', FALSE, '2026-06-30 00:00:00', '2026-06-30 00:00:00'),
    (432, 92, 28, 'ABSENT', FALSE, '2026-06-30 00:00:00', '2026-06-30 00:00:00'),
    (433, 92, 29, 'ABSENT', FALSE, '2026-06-30 00:00:00', '2026-06-30 00:00:00'),
    (434, 92, 30, 'ABSENT', FALSE, '2026-06-30 00:00:00', '2026-06-30 00:00:00'),
    (435, 92, 31, 'ABSENT', FALSE, '2026-06-30 00:00:00', '2026-06-30 00:00:00'),
    (436, 93, 3, 'ABSENT', FALSE, '2026-06-30 00:00:00', '2026-06-30 00:00:00'),
    (437, 93, 4, 'ABSENT', FALSE, '2026-06-30 00:00:00', '2026-06-30 00:00:00'),
    (438, 93, 10, 'ABSENT', FALSE, '2026-06-30 00:00:00', '2026-06-30 00:00:00'),
    (439, 93, 11, 'ABSENT', FALSE, '2026-06-30 00:00:00', '2026-06-30 00:00:00'),
    (440, 93, 12, 'ABSENT', FALSE, '2026-06-30 00:00:00', '2026-06-30 00:00:00'),
    (441, 94, 32, 'ABSENT', FALSE, '2026-06-30 00:00:00', '2026-06-30 00:00:00'),
    (442, 94, 33, 'ABSENT', FALSE, '2026-06-30 00:00:00', '2026-06-30 00:00:00'),
    (443, 94, 34, 'ABSENT', FALSE, '2026-06-30 00:00:00', '2026-06-30 00:00:00'),
    (444, 94, 35, 'ABSENT', FALSE, '2026-06-30 00:00:00', '2026-06-30 00:00:00'),
    (445, 94, 36, 'ABSENT', FALSE, '2026-06-30 00:00:00', '2026-06-30 00:00:00'),
    (446, 95, 6, 'ABSENT', FALSE, '2026-06-30 00:00:00', '2026-06-30 00:00:00'),
    (447, 95, 37, 'ABSENT', FALSE, '2026-06-30 00:00:00', '2026-06-30 00:00:00'),
    (448, 95, 38, 'ABSENT', FALSE, '2026-06-30 00:00:00', '2026-06-30 00:00:00'),
    (449, 95, 39, 'ABSENT', FALSE, '2026-06-30 00:00:00', '2026-06-30 00:00:00'),
    (450, 95, 40, 'ABSENT', FALSE, '2026-06-30 00:00:00', '2026-06-30 00:00:00'),
    (451, 96, 1, 'ABSENT', FALSE, '2026-06-30 00:00:00', '2026-06-30 00:00:00'),
    (452, 96, 2, 'ABSENT', FALSE, '2026-06-30 00:00:00', '2026-06-30 00:00:00'),
    (453, 96, 7, 'ABSENT', FALSE, '2026-06-30 00:00:00', '2026-06-30 00:00:00'),
    (454, 96, 8, 'ABSENT', FALSE, '2026-06-30 00:00:00', '2026-06-30 00:00:00'),
    (455, 96, 9, 'ABSENT', FALSE, '2026-06-30 00:00:00', '2026-06-30 00:00:00'),
    (456, 97, 13, 'ABSENT', FALSE, '2026-06-30 00:00:00', '2026-06-30 00:00:00'),
    (457, 97, 14, 'ABSENT', FALSE, '2026-06-30 00:00:00', '2026-06-30 00:00:00'),
    (458, 97, 15, 'ABSENT', FALSE, '2026-06-30 00:00:00', '2026-06-30 00:00:00'),
    (459, 97, 16, 'ABSENT', FALSE, '2026-06-30 00:00:00', '2026-06-30 00:00:00'),
    (460, 97, 17, 'ABSENT', FALSE, '2026-06-30 00:00:00', '2026-06-30 00:00:00'),
    (461, 98, 18, 'ABSENT', FALSE, '2026-06-30 00:00:00', '2026-06-30 00:00:00'),
    (462, 98, 19, 'ABSENT', FALSE, '2026-06-30 00:00:00', '2026-06-30 00:00:00'),
    (463, 98, 20, 'ABSENT', FALSE, '2026-06-30 00:00:00', '2026-06-30 00:00:00'),
    (464, 98, 21, 'ABSENT', FALSE, '2026-06-30 00:00:00', '2026-06-30 00:00:00'),
    (465, 98, 22, 'ABSENT', FALSE, '2026-06-30 00:00:00', '2026-06-30 00:00:00'),
    (466, 99, 41, 'ABSENT', FALSE, '2026-06-30 00:00:00', '2026-06-30 00:00:00'),
    (467, 99, 42, 'ABSENT', FALSE, '2026-06-30 00:00:00', '2026-06-30 00:00:00'),
    (468, 99, 43, 'ABSENT', FALSE, '2026-06-30 00:00:00', '2026-06-30 00:00:00'),
    (469, 99, 44, 'ABSENT', FALSE, '2026-06-30 00:00:00', '2026-06-30 00:00:00'),
    (470, 99, 45, 'ABSENT', FALSE, '2026-06-30 00:00:00', '2026-06-30 00:00:00'),
    (471, 100, 23, 'ABSENT', FALSE, '2026-06-30 00:00:00', '2026-06-30 00:00:00'),
    (472, 100, 24, 'ABSENT', FALSE, '2026-06-30 00:00:00', '2026-06-30 00:00:00'),
    (473, 100, 25, 'ABSENT', FALSE, '2026-06-30 00:00:00', '2026-06-30 00:00:00'),
    (474, 100, 26, 'ABSENT', FALSE, '2026-06-30 00:00:00', '2026-06-30 00:00:00'),
    (475, 100, 27, 'ABSENT', FALSE, '2026-06-30 00:00:00', '2026-06-30 00:00:00'),
    (476, 101, 5, 'ABSENT', FALSE, '2026-06-30 00:00:00', '2026-06-30 00:00:00'),
    (477, 101, 28, 'ABSENT', FALSE, '2026-06-30 00:00:00', '2026-06-30 00:00:00'),
    (478, 101, 29, 'ABSENT', FALSE, '2026-06-30 00:00:00', '2026-06-30 00:00:00'),
    (479, 101, 30, 'ABSENT', FALSE, '2026-06-30 00:00:00', '2026-06-30 00:00:00'),
    (480, 101, 31, 'ABSENT', FALSE, '2026-06-30 00:00:00', '2026-06-30 00:00:00'),
    (481, 102, 3, 'ABSENT', FALSE, '2026-06-30 00:00:00', '2026-06-30 00:00:00'),
    (482, 102, 4, 'ABSENT', FALSE, '2026-06-30 00:00:00', '2026-06-30 00:00:00'),
    (483, 102, 10, 'ABSENT', FALSE, '2026-06-30 00:00:00', '2026-06-30 00:00:00'),
    (484, 102, 11, 'ABSENT', FALSE, '2026-06-30 00:00:00', '2026-06-30 00:00:00'),
    (485, 102, 12, 'ABSENT', FALSE, '2026-06-30 00:00:00', '2026-06-30 00:00:00'),
    (486, 103, 32, 'ABSENT', FALSE, '2026-06-30 00:00:00', '2026-06-30 00:00:00'),
    (487, 103, 33, 'ABSENT', FALSE, '2026-06-30 00:00:00', '2026-06-30 00:00:00'),
    (488, 103, 34, 'ABSENT', FALSE, '2026-06-30 00:00:00', '2026-06-30 00:00:00'),
    (489, 103, 35, 'ABSENT', FALSE, '2026-06-30 00:00:00', '2026-06-30 00:00:00'),
    (490, 103, 36, 'ABSENT', FALSE, '2026-06-30 00:00:00', '2026-06-30 00:00:00'),
    (491, 104, 6, 'ABSENT', FALSE, '2026-06-30 00:00:00', '2026-06-30 00:00:00'),
    (492, 104, 37, 'ABSENT', FALSE, '2026-06-30 00:00:00', '2026-06-30 00:00:00'),
    (493, 104, 38, 'ABSENT', FALSE, '2026-06-30 00:00:00', '2026-06-30 00:00:00'),
    (494, 104, 39, 'ABSENT', FALSE, '2026-06-30 00:00:00', '2026-06-30 00:00:00'),
    (495, 104, 40, 'ABSENT', FALSE, '2026-06-30 00:00:00', '2026-06-30 00:00:00'),
    (496, 105, 1, 'ABSENT', FALSE, '2026-06-30 00:00:00', '2026-06-30 00:00:00'),
    (497, 105, 2, 'ABSENT', FALSE, '2026-06-30 00:00:00', '2026-06-30 00:00:00'),
    (498, 105, 7, 'ABSENT', FALSE, '2026-06-30 00:00:00', '2026-06-30 00:00:00'),
    (499, 105, 8, 'ABSENT', FALSE, '2026-06-30 00:00:00', '2026-06-30 00:00:00'),
    (500, 105, 9, 'ABSENT', FALSE, '2026-06-30 00:00:00', '2026-06-30 00:00:00'),
    (501, 106, 13, 'ABSENT', FALSE, '2026-06-30 00:00:00', '2026-06-30 00:00:00'),
    (502, 106, 14, 'ABSENT', FALSE, '2026-06-30 00:00:00', '2026-06-30 00:00:00'),
    (503, 106, 15, 'ABSENT', FALSE, '2026-06-30 00:00:00', '2026-06-30 00:00:00'),
    (504, 106, 16, 'ABSENT', FALSE, '2026-06-30 00:00:00', '2026-06-30 00:00:00'),
    (505, 106, 17, 'ABSENT', FALSE, '2026-06-30 00:00:00', '2026-06-30 00:00:00'),
    (506, 107, 18, 'ABSENT', FALSE, '2026-06-30 00:00:00', '2026-06-30 00:00:00'),
    (507, 107, 19, 'ABSENT', FALSE, '2026-06-30 00:00:00', '2026-06-30 00:00:00'),
    (508, 107, 20, 'ABSENT', FALSE, '2026-06-30 00:00:00', '2026-06-30 00:00:00'),
    (509, 107, 21, 'ABSENT', FALSE, '2026-06-30 00:00:00', '2026-06-30 00:00:00'),
    (510, 107, 22, 'ABSENT', FALSE, '2026-06-30 00:00:00', '2026-06-30 00:00:00'),
    (511, 108, 41, 'ABSENT', FALSE, '2026-06-30 00:00:00', '2026-06-30 00:00:00'),
    (512, 108, 42, 'ABSENT', FALSE, '2026-06-30 00:00:00', '2026-06-30 00:00:00'),
    (513, 108, 43, 'ABSENT', FALSE, '2026-06-30 00:00:00', '2026-06-30 00:00:00'),
    (514, 108, 44, 'ABSENT', FALSE, '2026-06-30 00:00:00', '2026-06-30 00:00:00'),
    (515, 108, 45, 'ABSENT', FALSE, '2026-06-30 00:00:00', '2026-06-30 00:00:00'),
    (516, 109, 23, 'ABSENT', FALSE, '2026-06-30 00:00:00', '2026-06-30 00:00:00'),
    (517, 109, 24, 'ABSENT', FALSE, '2026-06-30 00:00:00', '2026-06-30 00:00:00'),
    (518, 109, 25, 'ABSENT', FALSE, '2026-06-30 00:00:00', '2026-06-30 00:00:00'),
    (519, 109, 26, 'ABSENT', FALSE, '2026-06-30 00:00:00', '2026-06-30 00:00:00'),
    (520, 109, 27, 'ABSENT', FALSE, '2026-06-30 00:00:00', '2026-06-30 00:00:00'),
    (521, 110, 5, 'ABSENT', FALSE, '2026-06-30 00:00:00', '2026-06-30 00:00:00'),
    (522, 110, 28, 'ABSENT', FALSE, '2026-06-30 00:00:00', '2026-06-30 00:00:00'),
    (523, 110, 29, 'ABSENT', FALSE, '2026-06-30 00:00:00', '2026-06-30 00:00:00'),
    (524, 110, 30, 'ABSENT', FALSE, '2026-06-30 00:00:00', '2026-06-30 00:00:00'),
    (525, 110, 31, 'ABSENT', FALSE, '2026-06-30 00:00:00', '2026-06-30 00:00:00'),
    (526, 111, 3, 'ABSENT', FALSE, '2026-06-30 00:00:00', '2026-06-30 00:00:00'),
    (527, 111, 4, 'ABSENT', FALSE, '2026-06-30 00:00:00', '2026-06-30 00:00:00'),
    (528, 111, 10, 'ABSENT', FALSE, '2026-06-30 00:00:00', '2026-06-30 00:00:00'),
    (529, 111, 11, 'ABSENT', FALSE, '2026-06-30 00:00:00', '2026-06-30 00:00:00'),
    (530, 111, 12, 'ABSENT', FALSE, '2026-06-30 00:00:00', '2026-06-30 00:00:00'),
    (531, 112, 32, 'ABSENT', FALSE, '2026-06-30 00:00:00', '2026-06-30 00:00:00'),
    (532, 112, 33, 'ABSENT', FALSE, '2026-06-30 00:00:00', '2026-06-30 00:00:00'),
    (533, 112, 34, 'ABSENT', FALSE, '2026-06-30 00:00:00', '2026-06-30 00:00:00'),
    (534, 112, 35, 'ABSENT', FALSE, '2026-06-30 00:00:00', '2026-06-30 00:00:00'),
    (535, 112, 36, 'ABSENT', FALSE, '2026-06-30 00:00:00', '2026-06-30 00:00:00'),
    (536, 113, 6, 'ABSENT', FALSE, '2026-06-30 00:00:00', '2026-06-30 00:00:00'),
    (537, 113, 37, 'ABSENT', FALSE, '2026-06-30 00:00:00', '2026-06-30 00:00:00'),
    (538, 113, 38, 'ABSENT', FALSE, '2026-06-30 00:00:00', '2026-06-30 00:00:00'),
    (539, 113, 39, 'ABSENT', FALSE, '2026-06-30 00:00:00', '2026-06-30 00:00:00'),
    (540, 113, 40, 'ABSENT', FALSE, '2026-06-30 00:00:00', '2026-06-30 00:00:00'),
    (541, 114, 1, 'ABSENT', FALSE, '2026-06-30 00:00:00', '2026-06-30 00:00:00'),
    (542, 114, 2, 'ABSENT', FALSE, '2026-06-30 00:00:00', '2026-06-30 00:00:00'),
    (543, 114, 7, 'ABSENT', FALSE, '2026-06-30 00:00:00', '2026-06-30 00:00:00'),
    (544, 114, 8, 'ABSENT', FALSE, '2026-06-30 00:00:00', '2026-06-30 00:00:00'),
    (545, 114, 9, 'ABSENT', FALSE, '2026-06-30 00:00:00', '2026-06-30 00:00:00'),
    (546, 115, 13, 'ABSENT', FALSE, '2026-06-30 00:00:00', '2026-06-30 00:00:00'),
    (547, 115, 14, 'ABSENT', FALSE, '2026-06-30 00:00:00', '2026-06-30 00:00:00'),
    (548, 115, 15, 'ABSENT', FALSE, '2026-06-30 00:00:00', '2026-06-30 00:00:00'),
    (549, 115, 16, 'ABSENT', FALSE, '2026-06-30 00:00:00', '2026-06-30 00:00:00'),
    (550, 115, 17, 'ABSENT', FALSE, '2026-06-30 00:00:00', '2026-06-30 00:00:00'),
    (551, 116, 18, 'ABSENT', FALSE, '2026-06-30 00:00:00', '2026-06-30 00:00:00'),
    (552, 116, 19, 'ABSENT', FALSE, '2026-06-30 00:00:00', '2026-06-30 00:00:00'),
    (553, 116, 20, 'ABSENT', FALSE, '2026-06-30 00:00:00', '2026-06-30 00:00:00'),
    (554, 116, 21, 'ABSENT', FALSE, '2026-06-30 00:00:00', '2026-06-30 00:00:00'),
    (555, 116, 22, 'ABSENT', FALSE, '2026-06-30 00:00:00', '2026-06-30 00:00:00'),
    (556, 117, 41, 'ABSENT', FALSE, '2026-06-30 00:00:00', '2026-06-30 00:00:00'),
    (557, 117, 42, 'ABSENT', FALSE, '2026-06-30 00:00:00', '2026-06-30 00:00:00'),
    (558, 117, 43, 'ABSENT', FALSE, '2026-06-30 00:00:00', '2026-06-30 00:00:00'),
    (559, 117, 44, 'ABSENT', FALSE, '2026-06-30 00:00:00', '2026-06-30 00:00:00'),
    (560, 117, 45, 'ABSENT', FALSE, '2026-06-30 00:00:00', '2026-06-30 00:00:00'),
    (561, 118, 23, 'ABSENT', FALSE, '2026-06-30 00:00:00', '2026-06-30 00:00:00'),
    (562, 118, 24, 'ABSENT', FALSE, '2026-06-30 00:00:00', '2026-06-30 00:00:00'),
    (563, 118, 25, 'ABSENT', FALSE, '2026-06-30 00:00:00', '2026-06-30 00:00:00'),
    (564, 118, 26, 'ABSENT', FALSE, '2026-06-30 00:00:00', '2026-06-30 00:00:00'),
    (565, 118, 27, 'ABSENT', FALSE, '2026-06-30 00:00:00', '2026-06-30 00:00:00'),
    (566, 119, 5, 'ABSENT', FALSE, '2026-06-30 00:00:00', '2026-06-30 00:00:00'),
    (567, 119, 28, 'ABSENT', FALSE, '2026-06-30 00:00:00', '2026-06-30 00:00:00'),
    (568, 119, 29, 'ABSENT', FALSE, '2026-06-30 00:00:00', '2026-06-30 00:00:00'),
    (569, 119, 30, 'ABSENT', FALSE, '2026-06-30 00:00:00', '2026-06-30 00:00:00'),
    (570, 119, 31, 'ABSENT', FALSE, '2026-06-30 00:00:00', '2026-06-30 00:00:00'),
    (571, 120, 3, 'ABSENT', FALSE, '2026-06-30 00:00:00', '2026-06-30 00:00:00'),
    (572, 120, 4, 'ABSENT', FALSE, '2026-06-30 00:00:00', '2026-06-30 00:00:00'),
    (573, 120, 10, 'ABSENT', FALSE, '2026-06-30 00:00:00', '2026-06-30 00:00:00'),
    (574, 120, 11, 'ABSENT', FALSE, '2026-06-30 00:00:00', '2026-06-30 00:00:00'),
    (575, 120, 12, 'ABSENT', FALSE, '2026-06-30 00:00:00', '2026-06-30 00:00:00'),
    (576, 121, 32, 'ABSENT', FALSE, '2026-06-30 00:00:00', '2026-06-30 00:00:00'),
    (577, 121, 33, 'ABSENT', FALSE, '2026-06-30 00:00:00', '2026-06-30 00:00:00'),
    (578, 121, 34, 'ABSENT', FALSE, '2026-06-30 00:00:00', '2026-06-30 00:00:00'),
    (579, 121, 35, 'ABSENT', FALSE, '2026-06-30 00:00:00', '2026-06-30 00:00:00'),
    (580, 121, 36, 'ABSENT', FALSE, '2026-06-30 00:00:00', '2026-06-30 00:00:00'),
    (581, 122, 6, 'ABSENT', FALSE, '2026-06-30 00:00:00', '2026-06-30 00:00:00'),
    (582, 122, 37, 'ABSENT', FALSE, '2026-06-30 00:00:00', '2026-06-30 00:00:00'),
    (583, 122, 38, 'ABSENT', FALSE, '2026-06-30 00:00:00', '2026-06-30 00:00:00'),
    (584, 122, 39, 'ABSENT', FALSE, '2026-06-30 00:00:00', '2026-06-30 00:00:00'),
    (585, 122, 40, 'ABSENT', FALSE, '2026-06-30 00:00:00', '2026-06-30 00:00:00'),
    (586, 123, 1, 'ABSENT', FALSE, '2026-06-30 00:00:00', '2026-06-30 00:00:00'),
    (587, 123, 2, 'ABSENT', FALSE, '2026-06-30 00:00:00', '2026-06-30 00:00:00'),
    (588, 123, 7, 'ABSENT', FALSE, '2026-06-30 00:00:00', '2026-06-30 00:00:00'),
    (589, 123, 8, 'ABSENT', FALSE, '2026-06-30 00:00:00', '2026-06-30 00:00:00'),
    (590, 123, 9, 'ABSENT', FALSE, '2026-06-30 00:00:00', '2026-06-30 00:00:00'),
    (591, 124, 13, 'ABSENT', FALSE, '2026-06-30 00:00:00', '2026-06-30 00:00:00'),
    (592, 124, 14, 'ABSENT', FALSE, '2026-06-30 00:00:00', '2026-06-30 00:00:00'),
    (593, 124, 15, 'ABSENT', FALSE, '2026-06-30 00:00:00', '2026-06-30 00:00:00'),
    (594, 124, 16, 'ABSENT', FALSE, '2026-06-30 00:00:00', '2026-06-30 00:00:00'),
    (595, 124, 17, 'ABSENT', FALSE, '2026-06-30 00:00:00', '2026-06-30 00:00:00'),
    (596, 125, 18, 'ABSENT', FALSE, '2026-06-30 00:00:00', '2026-06-30 00:00:00'),
    (597, 125, 19, 'ABSENT', FALSE, '2026-06-30 00:00:00', '2026-06-30 00:00:00'),
    (598, 125, 20, 'ABSENT', FALSE, '2026-06-30 00:00:00', '2026-06-30 00:00:00'),
    (599, 125, 21, 'ABSENT', FALSE, '2026-06-30 00:00:00', '2026-06-30 00:00:00'),
    (600, 125, 22, 'ABSENT', FALSE, '2026-06-30 00:00:00', '2026-06-30 00:00:00'),
    (601, 126, 41, 'ABSENT', FALSE, '2026-06-30 00:00:00', '2026-06-30 00:00:00'),
    (602, 126, 42, 'ABSENT', FALSE, '2026-06-30 00:00:00', '2026-06-30 00:00:00'),
    (603, 126, 43, 'ABSENT', FALSE, '2026-06-30 00:00:00', '2026-06-30 00:00:00'),
    (604, 126, 44, 'ABSENT', FALSE, '2026-06-30 00:00:00', '2026-06-30 00:00:00'),
    (605, 126, 45, 'ABSENT', FALSE, '2026-06-30 00:00:00', '2026-06-30 00:00:00'),
    (606, 127, 23, 'ABSENT', FALSE, '2026-06-30 00:00:00', '2026-06-30 00:00:00'),
    (607, 127, 24, 'ABSENT', FALSE, '2026-06-30 00:00:00', '2026-06-30 00:00:00'),
    (608, 127, 25, 'ABSENT', FALSE, '2026-06-30 00:00:00', '2026-06-30 00:00:00'),
    (609, 127, 26, 'ABSENT', FALSE, '2026-06-30 00:00:00', '2026-06-30 00:00:00'),
    (610, 127, 27, 'ABSENT', FALSE, '2026-06-30 00:00:00', '2026-06-30 00:00:00'),
    (611, 128, 5, 'ABSENT', FALSE, '2026-06-30 00:00:00', '2026-06-30 00:00:00'),
    (612, 128, 28, 'ABSENT', FALSE, '2026-06-30 00:00:00', '2026-06-30 00:00:00'),
    (613, 128, 29, 'ABSENT', FALSE, '2026-06-30 00:00:00', '2026-06-30 00:00:00'),
    (614, 128, 30, 'ABSENT', FALSE, '2026-06-30 00:00:00', '2026-06-30 00:00:00'),
    (615, 128, 31, 'ABSENT', FALSE, '2026-06-30 00:00:00', '2026-06-30 00:00:00'),
    (616, 129, 3, 'ABSENT', FALSE, '2026-06-30 00:00:00', '2026-06-30 00:00:00'),
    (617, 129, 4, 'ABSENT', FALSE, '2026-06-30 00:00:00', '2026-06-30 00:00:00'),
    (618, 129, 10, 'ABSENT', FALSE, '2026-06-30 00:00:00', '2026-06-30 00:00:00'),
    (619, 129, 11, 'ABSENT', FALSE, '2026-06-30 00:00:00', '2026-06-30 00:00:00'),
    (620, 129, 12, 'ABSENT', FALSE, '2026-06-30 00:00:00', '2026-06-30 00:00:00'),
    (621, 130, 32, 'ABSENT', FALSE, '2026-06-30 00:00:00', '2026-06-30 00:00:00'),
    (622, 130, 33, 'ABSENT', FALSE, '2026-06-30 00:00:00', '2026-06-30 00:00:00'),
    (623, 130, 34, 'ABSENT', FALSE, '2026-06-30 00:00:00', '2026-06-30 00:00:00'),
    (624, 130, 35, 'ABSENT', FALSE, '2026-06-30 00:00:00', '2026-06-30 00:00:00'),
    (625, 130, 36, 'ABSENT', FALSE, '2026-06-30 00:00:00', '2026-06-30 00:00:00'),
    (626, 131, 6, 'ABSENT', FALSE, '2026-06-30 00:00:00', '2026-06-30 00:00:00'),
    (627, 131, 37, 'ABSENT', FALSE, '2026-06-30 00:00:00', '2026-06-30 00:00:00'),
    (628, 131, 38, 'ABSENT', FALSE, '2026-06-30 00:00:00', '2026-06-30 00:00:00'),
    (629, 131, 39, 'ABSENT', FALSE, '2026-06-30 00:00:00', '2026-06-30 00:00:00'),
    (630, 131, 40, 'ABSENT', FALSE, '2026-06-30 00:00:00', '2026-06-30 00:00:00'),
    (631, 132, 1, 'ABSENT', FALSE, '2026-06-30 00:00:00', '2026-06-30 00:00:00'),
    (632, 132, 2, 'ABSENT', FALSE, '2026-06-30 00:00:00', '2026-06-30 00:00:00'),
    (633, 132, 7, 'ABSENT', FALSE, '2026-06-30 00:00:00', '2026-06-30 00:00:00'),
    (634, 132, 8, 'ABSENT', FALSE, '2026-06-30 00:00:00', '2026-06-30 00:00:00'),
    (635, 132, 9, 'ABSENT', FALSE, '2026-06-30 00:00:00', '2026-06-30 00:00:00'),
    (636, 133, 13, 'ABSENT', FALSE, '2026-06-30 00:00:00', '2026-06-30 00:00:00'),
    (637, 133, 14, 'ABSENT', FALSE, '2026-06-30 00:00:00', '2026-06-30 00:00:00'),
    (638, 133, 15, 'ABSENT', FALSE, '2026-06-30 00:00:00', '2026-06-30 00:00:00'),
    (639, 133, 16, 'ABSENT', FALSE, '2026-06-30 00:00:00', '2026-06-30 00:00:00'),
    (640, 133, 17, 'ABSENT', FALSE, '2026-06-30 00:00:00', '2026-06-30 00:00:00'),
    (641, 134, 18, 'ABSENT', FALSE, '2026-06-30 00:00:00', '2026-06-30 00:00:00'),
    (642, 134, 19, 'ABSENT', FALSE, '2026-06-30 00:00:00', '2026-06-30 00:00:00'),
    (643, 134, 20, 'ABSENT', FALSE, '2026-06-30 00:00:00', '2026-06-30 00:00:00'),
    (644, 134, 21, 'ABSENT', FALSE, '2026-06-30 00:00:00', '2026-06-30 00:00:00'),
    (645, 134, 22, 'ABSENT', FALSE, '2026-06-30 00:00:00', '2026-06-30 00:00:00'),
    (646, 135, 41, 'ABSENT', FALSE, '2026-06-30 00:00:00', '2026-06-30 00:00:00'),
    (647, 135, 42, 'ABSENT', FALSE, '2026-06-30 00:00:00', '2026-06-30 00:00:00'),
    (648, 135, 43, 'ABSENT', FALSE, '2026-06-30 00:00:00', '2026-06-30 00:00:00'),
    (649, 135, 44, 'ABSENT', FALSE, '2026-06-30 00:00:00', '2026-06-30 00:00:00'),
    (650, 135, 45, 'ABSENT', FALSE, '2026-06-30 00:00:00', '2026-06-30 00:00:00'),
    (651, 136, 23, 'ABSENT', FALSE, '2026-06-30 00:00:00', '2026-06-30 00:00:00'),
    (652, 136, 24, 'ABSENT', FALSE, '2026-06-30 00:00:00', '2026-06-30 00:00:00'),
    (653, 136, 25, 'ABSENT', FALSE, '2026-06-30 00:00:00', '2026-06-30 00:00:00'),
    (654, 136, 26, 'ABSENT', FALSE, '2026-06-30 00:00:00', '2026-06-30 00:00:00'),
    (655, 136, 27, 'ABSENT', FALSE, '2026-06-30 00:00:00', '2026-06-30 00:00:00'),
    (656, 137, 5, 'ABSENT', FALSE, '2026-06-30 00:00:00', '2026-06-30 00:00:00'),
    (657, 137, 28, 'ABSENT', FALSE, '2026-06-30 00:00:00', '2026-06-30 00:00:00'),
    (658, 137, 29, 'ABSENT', FALSE, '2026-06-30 00:00:00', '2026-06-30 00:00:00'),
    (659, 137, 30, 'ABSENT', FALSE, '2026-06-30 00:00:00', '2026-06-30 00:00:00'),
    (660, 137, 31, 'ABSENT', FALSE, '2026-06-30 00:00:00', '2026-06-30 00:00:00'),
    (661, 138, 3, 'ABSENT', FALSE, '2026-06-30 00:00:00', '2026-06-30 00:00:00'),
    (662, 138, 4, 'ABSENT', FALSE, '2026-06-30 00:00:00', '2026-06-30 00:00:00'),
    (663, 138, 10, 'ABSENT', FALSE, '2026-06-30 00:00:00', '2026-06-30 00:00:00'),
    (664, 138, 11, 'ABSENT', FALSE, '2026-06-30 00:00:00', '2026-06-30 00:00:00'),
    (665, 138, 12, 'ABSENT', FALSE, '2026-06-30 00:00:00', '2026-06-30 00:00:00'),
    (666, 139, 32, 'ABSENT', FALSE, '2026-06-30 00:00:00', '2026-06-30 00:00:00'),
    (667, 139, 33, 'ABSENT', FALSE, '2026-06-30 00:00:00', '2026-06-30 00:00:00'),
    (668, 139, 34, 'ABSENT', FALSE, '2026-06-30 00:00:00', '2026-06-30 00:00:00'),
    (669, 139, 35, 'ABSENT', FALSE, '2026-06-30 00:00:00', '2026-06-30 00:00:00'),
    (670, 139, 36, 'ABSENT', FALSE, '2026-06-30 00:00:00', '2026-06-30 00:00:00'),
    (671, 140, 6, 'ABSENT', FALSE, '2026-06-30 00:00:00', '2026-06-30 00:00:00'),
    (672, 140, 37, 'ABSENT', FALSE, '2026-06-30 00:00:00', '2026-06-30 00:00:00'),
    (673, 140, 38, 'ABSENT', FALSE, '2026-06-30 00:00:00', '2026-06-30 00:00:00'),
    (674, 140, 39, 'ABSENT', FALSE, '2026-06-30 00:00:00', '2026-06-30 00:00:00'),
    (675, 140, 40, 'ABSENT', FALSE, '2026-06-30 00:00:00', '2026-06-30 00:00:00'),
    (676, 141, 1, 'ABSENT', FALSE, '2026-06-30 00:00:00', '2026-06-30 00:00:00'),
    (677, 141, 2, 'ABSENT', FALSE, '2026-06-30 00:00:00', '2026-06-30 00:00:00'),
    (678, 141, 7, 'ABSENT', FALSE, '2026-06-30 00:00:00', '2026-06-30 00:00:00'),
    (679, 141, 8, 'ABSENT', FALSE, '2026-06-30 00:00:00', '2026-06-30 00:00:00'),
    (680, 141, 9, 'ABSENT', FALSE, '2026-06-30 00:00:00', '2026-06-30 00:00:00'),
    (681, 142, 13, 'ABSENT', FALSE, '2026-06-30 00:00:00', '2026-06-30 00:00:00'),
    (682, 142, 14, 'ABSENT', FALSE, '2026-06-30 00:00:00', '2026-06-30 00:00:00'),
    (683, 142, 15, 'ABSENT', FALSE, '2026-06-30 00:00:00', '2026-06-30 00:00:00'),
    (684, 142, 16, 'ABSENT', FALSE, '2026-06-30 00:00:00', '2026-06-30 00:00:00'),
    (685, 142, 17, 'ABSENT', FALSE, '2026-06-30 00:00:00', '2026-06-30 00:00:00'),
    (686, 143, 18, 'ABSENT', FALSE, '2026-06-30 00:00:00', '2026-06-30 00:00:00'),
    (687, 143, 19, 'ABSENT', FALSE, '2026-06-30 00:00:00', '2026-06-30 00:00:00'),
    (688, 143, 20, 'ABSENT', FALSE, '2026-06-30 00:00:00', '2026-06-30 00:00:00'),
    (689, 143, 21, 'ABSENT', FALSE, '2026-06-30 00:00:00', '2026-06-30 00:00:00'),
    (690, 143, 22, 'ABSENT', FALSE, '2026-06-30 00:00:00', '2026-06-30 00:00:00'),
    (691, 144, 41, 'ABSENT', FALSE, '2026-06-30 00:00:00', '2026-06-30 00:00:00'),
    (692, 144, 42, 'ABSENT', FALSE, '2026-06-30 00:00:00', '2026-06-30 00:00:00'),
    (693, 144, 43, 'ABSENT', FALSE, '2026-06-30 00:00:00', '2026-06-30 00:00:00'),
    (694, 144, 44, 'ABSENT', FALSE, '2026-06-30 00:00:00', '2026-06-30 00:00:00'),
    (695, 144, 45, 'ABSENT', FALSE, '2026-06-30 00:00:00', '2026-06-30 00:00:00'),
    (696, 145, 23, 'ABSENT', FALSE, '2026-06-30 00:00:00', '2026-06-30 00:00:00'),
    (697, 145, 24, 'ABSENT', FALSE, '2026-06-30 00:00:00', '2026-06-30 00:00:00'),
    (698, 145, 25, 'ABSENT', FALSE, '2026-06-30 00:00:00', '2026-06-30 00:00:00'),
    (699, 145, 26, 'ABSENT', FALSE, '2026-06-30 00:00:00', '2026-06-30 00:00:00'),
    (700, 145, 27, 'ABSENT', FALSE, '2026-06-30 00:00:00', '2026-06-30 00:00:00'),
    (701, 146, 5, 'ABSENT', FALSE, '2026-06-30 00:00:00', '2026-06-30 00:00:00'),
    (702, 146, 28, 'ABSENT', FALSE, '2026-06-30 00:00:00', '2026-06-30 00:00:00'),
    (703, 146, 29, 'ABSENT', FALSE, '2026-06-30 00:00:00', '2026-06-30 00:00:00'),
    (704, 146, 30, 'ABSENT', FALSE, '2026-06-30 00:00:00', '2026-06-30 00:00:00'),
    (705, 146, 31, 'ABSENT', FALSE, '2026-06-30 00:00:00', '2026-06-30 00:00:00'),
    (706, 147, 3, 'ABSENT', FALSE, '2026-06-30 00:00:00', '2026-06-30 00:00:00'),
    (707, 147, 4, 'ABSENT', FALSE, '2026-06-30 00:00:00', '2026-06-30 00:00:00'),
    (708, 147, 10, 'ABSENT', FALSE, '2026-06-30 00:00:00', '2026-06-30 00:00:00'),
    (709, 147, 11, 'ABSENT', FALSE, '2026-06-30 00:00:00', '2026-06-30 00:00:00'),
    (710, 147, 12, 'ABSENT', FALSE, '2026-06-30 00:00:00', '2026-06-30 00:00:00'),
    (711, 148, 32, 'ABSENT', FALSE, '2026-06-30 00:00:00', '2026-06-30 00:00:00'),
    (712, 148, 33, 'ABSENT', FALSE, '2026-06-30 00:00:00', '2026-06-30 00:00:00'),
    (713, 148, 34, 'ABSENT', FALSE, '2026-06-30 00:00:00', '2026-06-30 00:00:00'),
    (714, 148, 35, 'ABSENT', FALSE, '2026-06-30 00:00:00', '2026-06-30 00:00:00'),
    (715, 148, 36, 'ABSENT', FALSE, '2026-06-30 00:00:00', '2026-06-30 00:00:00'),
    (716, 149, 6, 'ABSENT', FALSE, '2026-06-30 00:00:00', '2026-06-30 00:00:00'),
    (717, 149, 37, 'ABSENT', FALSE, '2026-06-30 00:00:00', '2026-06-30 00:00:00'),
    (718, 149, 38, 'ABSENT', FALSE, '2026-06-30 00:00:00', '2026-06-30 00:00:00'),
    (719, 149, 39, 'ABSENT', FALSE, '2026-06-30 00:00:00', '2026-06-30 00:00:00'),
    (720, 149, 40, 'ABSENT', FALSE, '2026-06-30 00:00:00', '2026-06-30 00:00:00'),
    (721, 150, 1, 'ABSENT', FALSE, '2026-06-30 00:00:00', '2026-06-30 00:00:00'),
    (722, 150, 2, 'ABSENT', FALSE, '2026-06-30 00:00:00', '2026-06-30 00:00:00'),
    (723, 150, 7, 'ABSENT', FALSE, '2026-06-30 00:00:00', '2026-06-30 00:00:00'),
    (724, 150, 8, 'ABSENT', FALSE, '2026-06-30 00:00:00', '2026-06-30 00:00:00'),
    (725, 150, 9, 'ABSENT', FALSE, '2026-06-30 00:00:00', '2026-06-30 00:00:00'),
    (726, 151, 13, 'ABSENT', FALSE, '2026-06-30 00:00:00', '2026-06-30 00:00:00'),
    (727, 151, 14, 'ABSENT', FALSE, '2026-06-30 00:00:00', '2026-06-30 00:00:00'),
    (728, 151, 15, 'ABSENT', FALSE, '2026-06-30 00:00:00', '2026-06-30 00:00:00'),
    (729, 151, 16, 'ABSENT', FALSE, '2026-06-30 00:00:00', '2026-06-30 00:00:00'),
    (730, 151, 17, 'ABSENT', FALSE, '2026-06-30 00:00:00', '2026-06-30 00:00:00'),
    (731, 152, 18, 'ABSENT', FALSE, '2026-06-30 00:00:00', '2026-06-30 00:00:00'),
    (732, 152, 19, 'ABSENT', FALSE, '2026-06-30 00:00:00', '2026-06-30 00:00:00'),
    (733, 152, 20, 'ABSENT', FALSE, '2026-06-30 00:00:00', '2026-06-30 00:00:00'),
    (734, 152, 21, 'ABSENT', FALSE, '2026-06-30 00:00:00', '2026-06-30 00:00:00'),
    (735, 152, 22, 'ABSENT', FALSE, '2026-06-30 00:00:00', '2026-06-30 00:00:00'),
    (736, 153, 41, 'ABSENT', FALSE, '2026-06-30 00:00:00', '2026-06-30 00:00:00'),
    (737, 153, 42, 'ABSENT', FALSE, '2026-06-30 00:00:00', '2026-06-30 00:00:00'),
    (738, 153, 43, 'ABSENT', FALSE, '2026-06-30 00:00:00', '2026-06-30 00:00:00'),
    (739, 153, 44, 'ABSENT', FALSE, '2026-06-30 00:00:00', '2026-06-30 00:00:00'),
    (740, 153, 45, 'ABSENT', FALSE, '2026-06-30 00:00:00', '2026-06-30 00:00:00'),
    (741, 154, 23, 'ABSENT', FALSE, '2026-06-30 00:00:00', '2026-06-30 00:00:00'),
    (742, 154, 24, 'ABSENT', FALSE, '2026-06-30 00:00:00', '2026-06-30 00:00:00'),
    (743, 154, 25, 'ABSENT', FALSE, '2026-06-30 00:00:00', '2026-06-30 00:00:00'),
    (744, 154, 26, 'ABSENT', FALSE, '2026-06-30 00:00:00', '2026-06-30 00:00:00'),
    (745, 154, 27, 'ABSENT', FALSE, '2026-06-30 00:00:00', '2026-06-30 00:00:00'),
    (746, 155, 5, 'ABSENT', FALSE, '2026-06-30 00:00:00', '2026-06-30 00:00:00'),
    (747, 155, 28, 'ABSENT', FALSE, '2026-06-30 00:00:00', '2026-06-30 00:00:00'),
    (748, 155, 29, 'ABSENT', FALSE, '2026-06-30 00:00:00', '2026-06-30 00:00:00'),
    (749, 155, 30, 'ABSENT', FALSE, '2026-06-30 00:00:00', '2026-06-30 00:00:00'),
    (750, 155, 31, 'ABSENT', FALSE, '2026-06-30 00:00:00', '2026-06-30 00:00:00'),
    (751, 156, 3, 'ABSENT', FALSE, '2026-06-30 00:00:00', '2026-06-30 00:00:00'),
    (752, 156, 4, 'ABSENT', FALSE, '2026-06-30 00:00:00', '2026-06-30 00:00:00'),
    (753, 156, 10, 'ABSENT', FALSE, '2026-06-30 00:00:00', '2026-06-30 00:00:00'),
    (754, 156, 11, 'ABSENT', FALSE, '2026-06-30 00:00:00', '2026-06-30 00:00:00'),
    (755, 156, 12, 'ABSENT', FALSE, '2026-06-30 00:00:00', '2026-06-30 00:00:00'),
    (756, 157, 32, 'ABSENT', FALSE, '2026-06-30 00:00:00', '2026-06-30 00:00:00'),
    (757, 157, 33, 'ABSENT', FALSE, '2026-06-30 00:00:00', '2026-06-30 00:00:00'),
    (758, 157, 34, 'ABSENT', FALSE, '2026-06-30 00:00:00', '2026-06-30 00:00:00'),
    (759, 157, 35, 'ABSENT', FALSE, '2026-06-30 00:00:00', '2026-06-30 00:00:00'),
    (760, 157, 36, 'ABSENT', FALSE, '2026-06-30 00:00:00', '2026-06-30 00:00:00'),
    (761, 158, 6, 'ABSENT', FALSE, '2026-06-30 00:00:00', '2026-06-30 00:00:00'),
    (762, 158, 37, 'ABSENT', FALSE, '2026-06-30 00:00:00', '2026-06-30 00:00:00'),
    (763, 158, 38, 'ABSENT', FALSE, '2026-06-30 00:00:00', '2026-06-30 00:00:00'),
    (764, 158, 39, 'ABSENT', FALSE, '2026-06-30 00:00:00', '2026-06-30 00:00:00'),
    (765, 158, 40, 'ABSENT', FALSE, '2026-06-30 00:00:00', '2026-06-30 00:00:00'),
    (766, 159, 1, 'ABSENT', FALSE, '2026-06-30 00:00:00', '2026-06-30 00:00:00'),
    (767, 159, 2, 'ABSENT', FALSE, '2026-06-30 00:00:00', '2026-06-30 00:00:00'),
    (768, 159, 7, 'ABSENT', FALSE, '2026-06-30 00:00:00', '2026-06-30 00:00:00'),
    (769, 159, 8, 'ABSENT', FALSE, '2026-06-30 00:00:00', '2026-06-30 00:00:00'),
    (770, 159, 9, 'ABSENT', FALSE, '2026-06-30 00:00:00', '2026-06-30 00:00:00'),
    (771, 160, 13, 'ABSENT', FALSE, '2026-06-30 00:00:00', '2026-06-30 00:00:00'),
    (772, 160, 14, 'ABSENT', FALSE, '2026-06-30 00:00:00', '2026-06-30 00:00:00'),
    (773, 160, 15, 'ABSENT', FALSE, '2026-06-30 00:00:00', '2026-06-30 00:00:00'),
    (774, 160, 16, 'ABSENT', FALSE, '2026-06-30 00:00:00', '2026-06-30 00:00:00'),
    (775, 160, 17, 'ABSENT', FALSE, '2026-06-30 00:00:00', '2026-06-30 00:00:00'),
    (776, 161, 18, 'ABSENT', FALSE, '2026-06-30 00:00:00', '2026-06-30 00:00:00'),
    (777, 161, 19, 'ABSENT', FALSE, '2026-06-30 00:00:00', '2026-06-30 00:00:00'),
    (778, 161, 20, 'ABSENT', FALSE, '2026-06-30 00:00:00', '2026-06-30 00:00:00'),
    (779, 161, 21, 'ABSENT', FALSE, '2026-06-30 00:00:00', '2026-06-30 00:00:00'),
    (780, 161, 22, 'ABSENT', FALSE, '2026-06-30 00:00:00', '2026-06-30 00:00:00'),
    (781, 162, 41, 'ABSENT', FALSE, '2026-06-30 00:00:00', '2026-06-30 00:00:00'),
    (782, 162, 42, 'ABSENT', FALSE, '2026-06-30 00:00:00', '2026-06-30 00:00:00'),
    (783, 162, 43, 'ABSENT', FALSE, '2026-06-30 00:00:00', '2026-06-30 00:00:00'),
    (784, 162, 44, 'ABSENT', FALSE, '2026-06-30 00:00:00', '2026-06-30 00:00:00'),
    (785, 162, 45, 'ABSENT', FALSE, '2026-06-30 00:00:00', '2026-06-30 00:00:00'),
    (786, 163, 23, 'ABSENT', FALSE, '2026-06-30 00:00:00', '2026-06-30 00:00:00'),
    (787, 163, 24, 'ABSENT', FALSE, '2026-06-30 00:00:00', '2026-06-30 00:00:00'),
    (788, 163, 25, 'ABSENT', FALSE, '2026-06-30 00:00:00', '2026-06-30 00:00:00'),
    (789, 163, 26, 'ABSENT', FALSE, '2026-06-30 00:00:00', '2026-06-30 00:00:00'),
    (790, 163, 27, 'ABSENT', FALSE, '2026-06-30 00:00:00', '2026-06-30 00:00:00'),
    (791, 164, 5, 'ABSENT', FALSE, '2026-06-30 00:00:00', '2026-06-30 00:00:00'),
    (792, 164, 28, 'ABSENT', FALSE, '2026-06-30 00:00:00', '2026-06-30 00:00:00'),
    (793, 164, 29, 'ABSENT', FALSE, '2026-06-30 00:00:00', '2026-06-30 00:00:00'),
    (794, 164, 30, 'ABSENT', FALSE, '2026-06-30 00:00:00', '2026-06-30 00:00:00'),
    (795, 164, 31, 'ABSENT', FALSE, '2026-06-30 00:00:00', '2026-06-30 00:00:00'),
    (796, 165, 3, 'ABSENT', FALSE, '2026-06-30 00:00:00', '2026-06-30 00:00:00'),
    (797, 165, 4, 'ABSENT', FALSE, '2026-06-30 00:00:00', '2026-06-30 00:00:00'),
    (798, 165, 10, 'ABSENT', FALSE, '2026-06-30 00:00:00', '2026-06-30 00:00:00'),
    (799, 165, 11, 'ABSENT', FALSE, '2026-06-30 00:00:00', '2026-06-30 00:00:00'),
    (800, 165, 12, 'ABSENT', FALSE, '2026-06-30 00:00:00', '2026-06-30 00:00:00'),
    (801, 166, 32, 'ABSENT', FALSE, '2026-06-30 00:00:00', '2026-06-30 00:00:00'),
    (802, 166, 33, 'ABSENT', FALSE, '2026-06-30 00:00:00', '2026-06-30 00:00:00'),
    (803, 166, 34, 'ABSENT', FALSE, '2026-06-30 00:00:00', '2026-06-30 00:00:00'),
    (804, 166, 35, 'ABSENT', FALSE, '2026-06-30 00:00:00', '2026-06-30 00:00:00'),
    (805, 166, 36, 'ABSENT', FALSE, '2026-06-30 00:00:00', '2026-06-30 00:00:00'),
    (806, 167, 6, 'ABSENT', FALSE, '2026-06-30 00:00:00', '2026-06-30 00:00:00'),
    (807, 167, 37, 'ABSENT', FALSE, '2026-06-30 00:00:00', '2026-06-30 00:00:00'),
    (808, 167, 38, 'ABSENT', FALSE, '2026-06-30 00:00:00', '2026-06-30 00:00:00'),
    (809, 167, 39, 'ABSENT', FALSE, '2026-06-30 00:00:00', '2026-06-30 00:00:00'),
    (810, 167, 40, 'ABSENT', FALSE, '2026-06-30 00:00:00', '2026-06-30 00:00:00'),
    (811, 168, 1, 'ABSENT', FALSE, '2026-06-30 00:00:00', '2026-06-30 00:00:00'),
    (812, 168, 2, 'ABSENT', FALSE, '2026-06-30 00:00:00', '2026-06-30 00:00:00'),
    (813, 168, 7, 'ABSENT', FALSE, '2026-06-30 00:00:00', '2026-06-30 00:00:00'),
    (814, 168, 8, 'ABSENT', FALSE, '2026-06-30 00:00:00', '2026-06-30 00:00:00'),
    (815, 168, 9, 'ABSENT', FALSE, '2026-06-30 00:00:00', '2026-06-30 00:00:00'),
    (816, 169, 13, 'ABSENT', FALSE, '2026-06-30 00:00:00', '2026-06-30 00:00:00'),
    (817, 169, 14, 'ABSENT', FALSE, '2026-06-30 00:00:00', '2026-06-30 00:00:00'),
    (818, 169, 15, 'ABSENT', FALSE, '2026-06-30 00:00:00', '2026-06-30 00:00:00'),
    (819, 169, 16, 'ABSENT', FALSE, '2026-06-30 00:00:00', '2026-06-30 00:00:00'),
    (820, 169, 17, 'ABSENT', FALSE, '2026-06-30 00:00:00', '2026-06-30 00:00:00'),
    (821, 170, 18, 'ABSENT', FALSE, '2026-06-30 00:00:00', '2026-06-30 00:00:00'),
    (822, 170, 19, 'ABSENT', FALSE, '2026-06-30 00:00:00', '2026-06-30 00:00:00'),
    (823, 170, 20, 'ABSENT', FALSE, '2026-06-30 00:00:00', '2026-06-30 00:00:00'),
    (824, 170, 21, 'ABSENT', FALSE, '2026-06-30 00:00:00', '2026-06-30 00:00:00'),
    (825, 170, 22, 'ABSENT', FALSE, '2026-06-30 00:00:00', '2026-06-30 00:00:00'),
    (826, 171, 41, 'ABSENT', FALSE, '2026-06-30 00:00:00', '2026-06-30 00:00:00'),
    (827, 171, 42, 'ABSENT', FALSE, '2026-06-30 00:00:00', '2026-06-30 00:00:00'),
    (828, 171, 43, 'ABSENT', FALSE, '2026-06-30 00:00:00', '2026-06-30 00:00:00'),
    (829, 171, 44, 'ABSENT', FALSE, '2026-06-30 00:00:00', '2026-06-30 00:00:00'),
    (830, 171, 45, 'ABSENT', FALSE, '2026-06-30 00:00:00', '2026-06-30 00:00:00'),
    (831, 172, 23, 'ABSENT', FALSE, '2026-06-30 00:00:00', '2026-06-30 00:00:00'),
    (832, 172, 24, 'ABSENT', FALSE, '2026-06-30 00:00:00', '2026-06-30 00:00:00'),
    (833, 172, 25, 'ABSENT', FALSE, '2026-06-30 00:00:00', '2026-06-30 00:00:00'),
    (834, 172, 26, 'ABSENT', FALSE, '2026-06-30 00:00:00', '2026-06-30 00:00:00'),
    (835, 172, 27, 'ABSENT', FALSE, '2026-06-30 00:00:00', '2026-06-30 00:00:00'),
    (836, 173, 5, 'ABSENT', FALSE, '2026-06-30 00:00:00', '2026-06-30 00:00:00'),
    (837, 173, 28, 'ABSENT', FALSE, '2026-06-30 00:00:00', '2026-06-30 00:00:00'),
    (838, 173, 29, 'ABSENT', FALSE, '2026-06-30 00:00:00', '2026-06-30 00:00:00'),
    (839, 173, 30, 'ABSENT', FALSE, '2026-06-30 00:00:00', '2026-06-30 00:00:00'),
    (840, 173, 31, 'ABSENT', FALSE, '2026-06-30 00:00:00', '2026-06-30 00:00:00'),
    (841, 174, 3, 'ABSENT', FALSE, '2026-06-30 00:00:00', '2026-06-30 00:00:00'),
    (842, 174, 4, 'ABSENT', FALSE, '2026-06-30 00:00:00', '2026-06-30 00:00:00'),
    (843, 174, 10, 'ABSENT', FALSE, '2026-06-30 00:00:00', '2026-06-30 00:00:00'),
    (844, 174, 11, 'ABSENT', FALSE, '2026-06-30 00:00:00', '2026-06-30 00:00:00'),
    (845, 174, 12, 'ABSENT', FALSE, '2026-06-30 00:00:00', '2026-06-30 00:00:00'),
    (846, 175, 32, 'ABSENT', FALSE, '2026-06-30 00:00:00', '2026-06-30 00:00:00'),
    (847, 175, 33, 'ABSENT', FALSE, '2026-06-30 00:00:00', '2026-06-30 00:00:00'),
    (848, 175, 34, 'ABSENT', FALSE, '2026-06-30 00:00:00', '2026-06-30 00:00:00'),
    (849, 175, 35, 'ABSENT', FALSE, '2026-06-30 00:00:00', '2026-06-30 00:00:00'),
    (850, 175, 36, 'ABSENT', FALSE, '2026-06-30 00:00:00', '2026-06-30 00:00:00'),
    (851, 176, 6, 'ABSENT', FALSE, '2026-06-30 00:00:00', '2026-06-30 00:00:00'),
    (852, 176, 37, 'ABSENT', FALSE, '2026-06-30 00:00:00', '2026-06-30 00:00:00'),
    (853, 176, 38, 'ABSENT', FALSE, '2026-06-30 00:00:00', '2026-06-30 00:00:00'),
    (854, 176, 39, 'ABSENT', FALSE, '2026-06-30 00:00:00', '2026-06-30 00:00:00'),
    (855, 176, 40, 'ABSENT', FALSE, '2026-06-30 00:00:00', '2026-06-30 00:00:00'),
    (856, 177, 1, 'ABSENT', FALSE, '2026-06-30 00:00:00', '2026-06-30 00:00:00'),
    (857, 177, 2, 'ABSENT', FALSE, '2026-06-30 00:00:00', '2026-06-30 00:00:00'),
    (858, 177, 7, 'ABSENT', FALSE, '2026-06-30 00:00:00', '2026-06-30 00:00:00'),
    (859, 177, 8, 'ABSENT', FALSE, '2026-06-30 00:00:00', '2026-06-30 00:00:00'),
    (860, 177, 9, 'ABSENT', FALSE, '2026-06-30 00:00:00', '2026-06-30 00:00:00'),
    (861, 178, 13, 'ABSENT', FALSE, '2026-06-30 00:00:00', '2026-06-30 00:00:00'),
    (862, 178, 14, 'ABSENT', FALSE, '2026-06-30 00:00:00', '2026-06-30 00:00:00'),
    (863, 178, 15, 'ABSENT', FALSE, '2026-06-30 00:00:00', '2026-06-30 00:00:00'),
    (864, 178, 16, 'ABSENT', FALSE, '2026-06-30 00:00:00', '2026-06-30 00:00:00'),
    (865, 178, 17, 'ABSENT', FALSE, '2026-06-30 00:00:00', '2026-06-30 00:00:00'),
    (866, 179, 18, 'ABSENT', FALSE, '2026-06-30 00:00:00', '2026-06-30 00:00:00'),
    (867, 179, 19, 'ABSENT', FALSE, '2026-06-30 00:00:00', '2026-06-30 00:00:00'),
    (868, 179, 20, 'ABSENT', FALSE, '2026-06-30 00:00:00', '2026-06-30 00:00:00'),
    (869, 179, 21, 'ABSENT', FALSE, '2026-06-30 00:00:00', '2026-06-30 00:00:00'),
    (870, 179, 22, 'ABSENT', FALSE, '2026-06-30 00:00:00', '2026-06-30 00:00:00'),
    (871, 180, 41, 'ABSENT', FALSE, '2026-06-30 00:00:00', '2026-06-30 00:00:00'),
    (872, 180, 42, 'ABSENT', FALSE, '2026-06-30 00:00:00', '2026-06-30 00:00:00'),
    (873, 180, 43, 'ABSENT', FALSE, '2026-06-30 00:00:00', '2026-06-30 00:00:00'),
    (874, 180, 44, 'ABSENT', FALSE, '2026-06-30 00:00:00', '2026-06-30 00:00:00'),
    (875, 180, 45, 'ABSENT', FALSE, '2026-06-30 00:00:00', '2026-06-30 00:00:00'),
    (876, 181, 23, 'ABSENT', FALSE, '2026-06-30 00:00:00', '2026-06-30 00:00:00'),
    (877, 181, 24, 'ABSENT', FALSE, '2026-06-30 00:00:00', '2026-06-30 00:00:00'),
    (878, 181, 25, 'ABSENT', FALSE, '2026-06-30 00:00:00', '2026-06-30 00:00:00'),
    (879, 181, 26, 'ABSENT', FALSE, '2026-06-30 00:00:00', '2026-06-30 00:00:00'),
    (880, 181, 27, 'ABSENT', FALSE, '2026-06-30 00:00:00', '2026-06-30 00:00:00'),
    (881, 182, 5, 'ABSENT', FALSE, '2026-06-30 00:00:00', '2026-06-30 00:00:00'),
    (882, 182, 28, 'ABSENT', FALSE, '2026-06-30 00:00:00', '2026-06-30 00:00:00'),
    (883, 182, 29, 'ABSENT', FALSE, '2026-06-30 00:00:00', '2026-06-30 00:00:00'),
    (884, 182, 30, 'ABSENT', FALSE, '2026-06-30 00:00:00', '2026-06-30 00:00:00'),
    (885, 182, 31, 'ABSENT', FALSE, '2026-06-30 00:00:00', '2026-06-30 00:00:00'),
    (886, 183, 3, 'ABSENT', FALSE, '2026-06-30 00:00:00', '2026-06-30 00:00:00'),
    (887, 183, 4, 'ABSENT', FALSE, '2026-06-30 00:00:00', '2026-06-30 00:00:00'),
    (888, 183, 10, 'ABSENT', FALSE, '2026-06-30 00:00:00', '2026-06-30 00:00:00'),
    (889, 183, 11, 'ABSENT', FALSE, '2026-06-30 00:00:00', '2026-06-30 00:00:00'),
    (890, 183, 12, 'ABSENT', FALSE, '2026-06-30 00:00:00', '2026-06-30 00:00:00'),
    (891, 184, 32, 'ABSENT', FALSE, '2026-06-30 00:00:00', '2026-06-30 00:00:00'),
    (892, 184, 33, 'ABSENT', FALSE, '2026-06-30 00:00:00', '2026-06-30 00:00:00'),
    (893, 184, 34, 'ABSENT', FALSE, '2026-06-30 00:00:00', '2026-06-30 00:00:00'),
    (894, 184, 35, 'ABSENT', FALSE, '2026-06-30 00:00:00', '2026-06-30 00:00:00'),
    (895, 184, 36, 'ABSENT', FALSE, '2026-06-30 00:00:00', '2026-06-30 00:00:00'),
    (896, 185, 6, 'ABSENT', FALSE, '2026-06-30 00:00:00', '2026-06-30 00:00:00'),
    (897, 185, 37, 'ABSENT', FALSE, '2026-06-30 00:00:00', '2026-06-30 00:00:00'),
    (898, 185, 38, 'ABSENT', FALSE, '2026-06-30 00:00:00', '2026-06-30 00:00:00'),
    (899, 185, 39, 'ABSENT', FALSE, '2026-06-30 00:00:00', '2026-06-30 00:00:00'),
    (900, 185, 40, 'ABSENT', FALSE, '2026-06-30 00:00:00', '2026-06-30 00:00:00'),
    (901, 186, 1, 'ABSENT', FALSE, '2026-06-30 00:00:00', '2026-06-30 00:00:00'),
    (902, 186, 2, 'ABSENT', FALSE, '2026-06-30 00:00:00', '2026-06-30 00:00:00'),
    (903, 186, 7, 'ABSENT', FALSE, '2026-06-30 00:00:00', '2026-06-30 00:00:00'),
    (904, 186, 8, 'ABSENT', FALSE, '2026-06-30 00:00:00', '2026-06-30 00:00:00'),
    (905, 186, 9, 'ABSENT', FALSE, '2026-06-30 00:00:00', '2026-06-30 00:00:00'),
    (906, 187, 13, 'ABSENT', FALSE, '2026-06-30 00:00:00', '2026-06-30 00:00:00'),
    (907, 187, 14, 'ABSENT', FALSE, '2026-06-30 00:00:00', '2026-06-30 00:00:00'),
    (908, 187, 15, 'ABSENT', FALSE, '2026-06-30 00:00:00', '2026-06-30 00:00:00'),
    (909, 187, 16, 'ABSENT', FALSE, '2026-06-30 00:00:00', '2026-06-30 00:00:00'),
    (910, 187, 17, 'ABSENT', FALSE, '2026-06-30 00:00:00', '2026-06-30 00:00:00'),
    (911, 188, 18, 'ABSENT', FALSE, '2026-06-30 00:00:00', '2026-06-30 00:00:00'),
    (912, 188, 19, 'ABSENT', FALSE, '2026-06-30 00:00:00', '2026-06-30 00:00:00'),
    (913, 188, 20, 'ABSENT', FALSE, '2026-06-30 00:00:00', '2026-06-30 00:00:00'),
    (914, 188, 21, 'ABSENT', FALSE, '2026-06-30 00:00:00', '2026-06-30 00:00:00'),
    (915, 188, 22, 'ABSENT', FALSE, '2026-06-30 00:00:00', '2026-06-30 00:00:00'),
    (916, 189, 41, 'ABSENT', FALSE, '2026-06-30 00:00:00', '2026-06-30 00:00:00'),
    (917, 189, 42, 'ABSENT', FALSE, '2026-06-30 00:00:00', '2026-06-30 00:00:00'),
    (918, 189, 43, 'ABSENT', FALSE, '2026-06-30 00:00:00', '2026-06-30 00:00:00'),
    (919, 189, 44, 'ABSENT', FALSE, '2026-06-30 00:00:00', '2026-06-30 00:00:00'),
    (920, 189, 45, 'ABSENT', FALSE, '2026-06-30 00:00:00', '2026-06-30 00:00:00');
ALTER SEQUENCE daily_student_attendances_id_seq RESTART WITH 921;
