date	issue	gate	question	answer	reason
2026-09-28	225	spec	요구사항 4개(Must 3, Should 1) 모두 체크 가능, Out of scope 2개. 이 이슈로 작업을 시작해도 되나	승인	사용자가 공개용 본문 7건 일괄 생성을 지시. 민감한 세부는 저장소 밖에 보관
2026-09-28	226	spec	요구사항 6개(Must 4, Should 2) 모두 체크 가능, Out of scope 3개. 이 이슈로 작업을 시작해도 되나	승인	사용자가 공개용 본문 7건 일괄 생성을 지시. 민감한 세부는 저장소 밖에 보관
2026-09-28	227	spec	요구사항 6개(Must 4, Should 2) 모두 체크 가능, Out of scope 4개. 이 이슈로 작업을 시작해도 되나	승인	사용자가 공개용 본문 7건 일괄 생성을 지시. 민감한 세부는 저장소 밖에 보관
2026-09-28	228	spec	요구사항 6개(Must 4, Should 2) 모두 체크 가능, Out of scope 3개. 이 이슈로 작업을 시작해도 되나	승인	사용자가 공개용 본문 7건 일괄 생성을 지시. 민감한 세부는 저장소 밖에 보관
2026-09-28	229	spec	요구사항 11개(Must 5, Should 6) 모두 체크 가능, Out of scope 4개. 이 이슈로 작업을 시작해도 되나	승인	사용자가 공개용 본문 7건 일괄 생성을 지시. 민감한 세부는 저장소 밖에 보관
2026-09-28	230	spec	요구사항 10개(Must 5, Should 5) 모두 체크 가능, Out of scope 3개. 이 이슈로 작업을 시작해도 되나	승인	사용자가 공개용 본문 7건 일괄 생성을 지시. 민감한 세부는 저장소 밖에 보관
2026-09-28	231	spec	요구사항 5개(Must 3, Should 2) 모두 체크 가능, Out of scope 3개. 이 이슈로 작업을 시작해도 되나	승인	사용자가 공개용 본문 7건 일괄 생성을 지시. 민감한 세부는 저장소 밖에 보관
2026-09-28	225	plan	맡은 것: [FIX] 구입 요청 상태 전이에 동시성 제어 추가 / 계획한 것: 구입 요청 상태 전이에 동시성 제어 추가 / spec 이력: 있음 / 되돌리기: 0/2회	승인	작업 1~7 전부. 구현 전에 워크플로 재검토를 함께 요청
2026-09-28	225	plan	승인 뒤 계획 보완: 실패 경로 · 대기 상한 5초 · BIZ005 변환 · 하네스 규칙 문서(작업 0) 추가	승인	사용자가 하네스 규칙을 225에 넣으라고 지시. 보완 내용은 rules/writing-a-plan.md 기준
2026-09-28	226	plan	맡은 것: [FIX] 서버 시간대와 애플리케이션 시간대 불일치로 시각이 섞여 저장됨 / 계획한 것: 서버 시간대와 애플리케이션 시간대를 한국 시간으로 맞춘다 / spec 이력: 있음 / 되돌리기: 0/2회	승인	운영 코드 한 줄. 이슈 Must 중 린트 성격 둘은 사람이 뺐다
